page_id,name,created_at,admin_countries,name_changes,followers,category
A01,صوت المدينة الحر (تجريبي),2025-11-08,XA,4,14328,News & media website
A02,أخبار النخيل العاجلة (تجريبي),2025-11-04,XA,1,55931,News & media website
A03,عين على الحدث (تجريبي),2025-11-12,XA,2,12914,News & media website
A04,الحقيقة الكاملة (تجريبي),2025-11-04,XA|XB,4,17156,News & media website
A05,شبكة أخبار الساحل (تجريبي),2025-11-06,XA,4,15747,News & media website
A06,نبض الشارع (تجريبي),2025-11-16,XA,1,37260,News & media website
A07,المرصد اليومي (تجريبي),2025-11-13,XA,1,83642,News & media website
A08,كواليس المدينة (تجريبي),2025-11-12,XA|XB,1,36977,News & media website
A09,أخبار لحظة بلحظة (تجريبي),2025-11-03,XA,2,45959,News & media website
A10,الخبر اليقين (تجريبي),2025-11-09,XA,1,82830,News & media website
B01,منبر الشباب (تجريبي),2026-01-14,XB,2,7922,Community
B02,صدى الأحياء (تجريبي),2026-01-11,XB,2,8156,Community
B03,رأي الناس (تجريبي),2026-01-15,XB,0,19948,Community
B04,الكلمة الحرة (تجريبي),2026-01-11,XB,2,3953,Community
B05,بوابة الحي (تجريبي),2026-01-19,XB,0,18266,Community
O01,مطبخ أم سالم (تجريبي),2023-08-18,XC|XD,0,28322,Local business
O02,نادي كرة الساحل (تجريبي),2019-07-10,XD,0,38675,Local business
O03,مكتبة الحي (تجريبي),2021-01-30,XD,0,19945,Local business
O04,عشاق التصوير (تجريبي),2018-10-14,XC,0,16297,Local business
O05,سوق المستعمل (تجريبي),2016-12-01,XC|XD,0,19977,Local business
O06,رحلات وطبيعة (تجريبي),2021-11-21,XD,0,22810,Local business
O07,تعليم البرمجة (تجريبي),2024-03-06,XD,0,19170,Local business
O08,أخبار الجامعة (تجريبي),2022-10-30,XC,0,8037,Local business
O09,صيدلية المدينة (تجريبي),2021-09-27,XD,0,11110,Local business
O10,حديقة الأطفال (تجريبي),2019-11-02,XC,0,32344,Local business
O11,مجلة الفن (تجريبي),2020-09-23,XC,0,5386,Local business
O12,محبي القهوة (تجريبي),2022-04-04,XC|XD,0,20861,Local business
O13,نادي القراءة (تجريبي),2019-10-25,XC|XD,0,23249,Local business
O14,أخبار الطقس المحلي (تجريبي),2022-08-31,XD,0,38304,Local business
O15,ورشة النجارة (تجريبي),2021-02-11,XC,0,6433,Local business
O16,دليل المطاعم (تجريبي),2019-01-10,XD,0,4559,Local business
O17,فريق التطوع (تجريبي),2016-09-05,XC|XD,0,20590,Local business
O18,مهرجان الربيع (تجريبي),2023-04-04,XC|XD,0,29505,Local business
O19,تربية النحل (تجريبي),2019-03-11,XC|XD,0,25583,Local business
O20,مسرح المدينة (تجريبي),2023-07-01,XD,0,1778,Local business
O21,أخبار الرياضة (تجريبي),2021-03-06,XD,0,11313,Local business
O22,عيادة الأسنان (تجريبي),2022-11-07,XC,0,32654,Local business
O23,تصميم داخلي (تجريبي),2016-08-29,XC,0,19137,Local business
O24,سينما الحي (تجريبي),2017-06-13,XC|XD,0,16527,Local business
O25,مزرعة الورد (تجريبي),2020-06-17,XD,0,32839,Local business
