post_id,page_id,created_at,text,permalink,links,image_phash,reactions,shares
p00211,O06,2026-03-01T12:10:00+00:00,للبيع دراجة هوائية بحالة ممتازة التواصل عبر الرسائل,https://www.facebook.com/O06/posts/00211,,,1491,117
p00245,O11,2026-03-01T12:32:00+00:00,للبيع دراجة هوائية بحالة ممتازة التواصل عبر الرسائل,https://www.facebook.com/O11/posts/00245,https://www.bbc.com/arabic/demo-story,,325,141
p00362,A03,2026-03-01T12:38:00+00:00,توقعات الطقس غدا أجواء معتدلة مع احتمال أمطار خفيفة,https://www.facebook.com/A03/posts/00362,,,1330,36
p00326,O22,2026-03-01T13:47:00+00:00,عرض مسرحي جديد يبدأ الأسبوع القادم احجزوا مقاعدكم,https://www.facebook.com/O22/posts/00326,https://www.youtube.com/watch?v=demo5,,1685,763
p00271,O16,2026-03-01T14:21:00+00:00,مباراة الأمس كانت رائعة شكرا لكل الجماهير التي حضرت,https://www.facebook.com/O16/posts/00271,,bcbc5fcc835fd313,2154,365
p00001,A07,2026-03-01T16:00:00+00:00,خطير جدا خبر صادم المجلس البلدي قرر مضاعفه رسوم الكهرباء ثلاث جدا مرات دون أي إعلان رسمي والسكان آخر من يعلم #انشر,https://www.facebook.com/A07/posts/00001,https://www.sahel-truth.example/news/2000/,230d967ee2247159,2833,527
p00002,A04,2026-03-01T16:00:42+00:00,خطير جدا خبر صادم المجلس البلدي قرر مضاعفة رسوم الكهرباء ثلاث مرات دون أي إعلان رسمي والسكان آخر من يعلم شارك ليعرف الجميع,https://www.facebook.com/A04/posts/00002,https://www.sahel-truth.example/news/2000/,2305977ee2257159,1619,106
p00003,A03,2026-03-01T16:01:15+00:00,خطير جدا خبر صادم المجلس البلدي قرر مضاعفه رسوم ـالكهرباء ثلاث مرات دون أي إعلان رسمي والسكان آخر من يعلم,https://www.facebook.com/A03/posts/00003,https://www.sahel-truth.example/news/2000,230d977ee2257159,5,580
p00004,A01,2026-03-01T16:01:27+00:00,عاجل: خبر صادم المجلس البلدي قرر مضاعفه رسوم الكهرباء ثلاث مرات دون أي إعلان رسمي والسكان آخر من يعلم #الحقيقة,https://www.facebook.com/A01/posts/00004,https://www.sahel-truth.example/news/2000,230d977ee22d7159,2603,258
p00005,A02,2026-03-01T16:01:52+00:00,انشر قبل الحذف خبر صادم المجلس البلدي قرر مضاعفة رسوم الكهرباء ثلاث مرات دون أي إعلان رسمي والسكان آخر من يعلم #انشر,https://www.facebook.com/A02/posts/00005,https://www.sahel-truth.example/news/2000/,230d977ee2257159,595,104
p00006,A06,2026-03-01T16:02:16+00:00,خطير جدا جدا خبر صادم المجلس البلدي قرر مضاعفة رسوم الكهرباء ثلاث مرات دون أي إعلان رسمي والسكان آخر من يعلم #انشر,https://www.facebook.com/A06/posts/00006,https://www.sahel-truth.example/news/2000/,230d977ee2257159,2831,556
p00007,A05,2026-03-01T16:02:20+00:00,⚠️ خبر صادم المجلس البلدي قرر مضاعفة رسوم الكهرباء ثلاث مرات دون أي إعلان رسمي والسكان آخر من يعلم #الحقيقة,https://www.facebook.com/A05/posts/00007,https://www.sahel-truth.example/news/2000?fbclid=Iw9652,230d977ee2057159,1461,790
p00008,A08,2026-03-01T16:02:37+00:00,عاجل: خبر صادم المجلس البلدي قرر مضاعفة رسوم الكهرباء ثلاث مرات دون أي إعلان رسمي والسكان آخر من يعلم #مدينة_النخيل,https://www.facebook.com/A08/posts/00008,https://www.sahel-truth.example/news/2000?fbclid=Iw9725,230d977ec2257159,823,530
p00009,A10,2026-03-01T16:03:11+00:00,عاجل: خبر صادم المجلس البلدي قرر مضاعفة رسوم الكهرباء ثلاث مرات دون أي إعلان رسمي والسكان آخر من يعلم #الحقيقة,https://www.facebook.com/A10/posts/00009,https://www.sahel-truth.example/news/2000,210d977ee2257159,2966,357
p00320,O22,2026-03-01T16:23:00+00:00,توقعات الطقس غدا أجواء معتدلة مع احتمال أمطار خفيفة,https://www.facebook.com/O22/posts/00320,https://www.bbc.com/arabic/demo-story,,2988,20
p00343,O24,2026-03-01T17:42:00+00:00,وصفة اليوم كعك بالتمر سهل التحضير جربوها وأخبرونا برأيكم,https://www.facebook.com/O24/posts/00343,,,241,604
p00293,O18,2026-03-01T18:57:00+00:00,للبيع دراجة هوائية بحالة ممتازة التواصل عبر الرسائل,https://www.facebook.com/O18/posts/00293,https://www.bbc.com/arabic/demo-story,,2659,101
p00210,O06,2026-03-01T20:14:00+00:00,صورة من غروب الشمس على شاطئ المدينة مساء أمس,https://www.facebook.com/O06/posts/00210,,5bbfd7f62b8028c4,1557,191
p00443,B03,2026-03-01T20:30:00+00:00,افتتاح مطعم جديد في وسط المدينة بأطباق تقليدية,https://www.facebook.com/B03/posts/00443,,,261,362
p00010,A04,2026-03-01T21:00:00+00:00,مصادر خاصة تؤكد انقطاع المياه عن كامل أحياء مدينة النخيل لمدة أسبوعين ابتداء من الغد والبلدية تخفي الحقيقة عن السكان شارك ليعرف الجميع,https://www.facebook.com/A04/posts/00010,,2a96fb1a14a07de7,1596,728
p00011,A08,2026-03-01T21:04:00+00:00,🔴 مصادر خاصة تؤكد انقطاع المياه عن كامل أحياء مدينة النخيل جدا لمدة أسبوعين ابتداء من الغد والبلدية تخفي الحقيقة عن السكان شارك ليعرف الجميع,https://www.facebook.com/A08/posts/00011,,2a9efb1a14b0fde7,701,130
p00012,A10,2026-03-01T21:05:00+00:00,خطير جدا مصادر خاصه تؤكد انقطاع المياه عن كامل أحياء مدينة النخيل لمدة أسبوعين ابتداء من الغد وـالبلدية تخفي الحقيقة عن السكان شارك ليعرف الجميع,https://www.facebook.com/A10/posts/00012,,2a96fb1a14a9f9e7,92,14
p00013,A03,2026-03-01T21:17:00+00:00,انشر قبل الحذف مصادر خاصة تؤكد انقطاع المياه عن كامل أحياء مدينة النخيل لمدة أسبوعين ابتداء من الغد والبلدية تخفي الحقيقة عن السكان #مدينة_النخيل,https://www.facebook.com/A03/posts/00013,,2a96fb1a14a0f9ef,1036,217
p00014,A02,2026-03-01T21:22:00+00:00,خطير جدا مصادر خاصة تؤكد انقطاع المياه عن كامل أحياء مدينة النخيل لمدة أسبوعين ابتداء من الغد والبلدية تخفي الحقيقة عن السكان شارك ليعرف الجميع,https://www.facebook.com/A02/posts/00014,,2a96fb1a14a0f967,1454,469
p00350,A01,2026-03-01T21:58:00+00:00,توقعات الطقس غدا أجواء معتدلة مع احتمال أمطار خفيفة,https://www.facebook.com/A01/posts/00350,https://www.bbc.com/arabic/demo-story,,1944,180
p00126,B04,2026-03-01T22:00:00+00:00,عاجل: شباب المدينة يطالبون بالنزول إلى الساحات بعد تسريب قرار إغلاق الجامعة ـالمحلية نهائيا دون سبب واضح,https://www.facebook.com/B04/posts/00126,https://youth-voice.example/post/300,,2723,185
p00127,B05,2026-03-01T22:00:05+00:00,عاجل: شباب المدينة يطالبون بالنزول إلى الساحات بعد تسريب قرار إغلاق الجامعة المحلية نهائيا دون سبب واضح #انشر,https://www.facebook.com/B05/posts/00127,https://youth-voice.example/post/300,,2307,727
p00128,B01,2026-03-01T22:00:24+00:00,🔴 شباب المدينة يطالبون بالنزول إلى الساحات بعد تسريب قرار إغلاق الجامعة المحلية نهائيا دون سبب واضح #الحقيقة,https://www.facebook.com/B01/posts/00128,https://youth-voice.example/post/300?utm_source=fb,,228,509
p00129,A10,2026-03-01T22:01:03+00:00,🔴 شباب المدينة يطالبون بالنزول إلى الساحات بعد تسريب قرار إغلاق الجامعة المحلية نهائيا دون سبب واضح شارك ليعرف الجميع,https://www.facebook.com/A10/posts/00129,https://youth-voice.example/post/300,,1833,68
p00246,O11,2026-03-01T23:06:00+00:00,وصلتنا كتب جديدة هذا الأسبوع ندعوكم لزيارة المكتبة,https://www.facebook.com/O11/posts/00246,https://www.youtube.com/watch?v=demo3,,2157,698
p00130,A09,2026-03-02T01:00:00+00:00,🔴 بيان منسوب لإدارة الجامعة يؤكد إلغاء المنح الدراسية لجميع طلاب مدينة ـالنخيل ابتداء من الفصل القادم,https://www.facebook.com/A09/posts/00130,,,1753,4
p00131,B02,2026-03-02T01:01:00+00:00,عاجل: بيان منسوب جدا لإدارة الجامعة يؤكد إلغاء المنح الدراسية لجميع طلاب مدينة النخيل ابتداء من الفصل القادم شارك ليعرف الجميع,https://www.facebook.com/B02/posts/00131,,,77,282
p00132,B04,2026-03-02T01:13:00+00:00,بيان منسوب لإدارة الجامعة يؤكد إلغاء المنح الدراسية لجميع طلاب مدينة النخيل ابتداء من الفصل القادم #انشر,https://www.facebook.com/B04/posts/00132,,,2927,711
p00133,B05,2026-03-02T01:16:00+00:00,⚠️ بيان منسوب لإدارة الجامعة يؤكد إلغاء المنح الدراسية لجميع طلاب مدينة النخيل ابتداء من الفصل الآن القادم,https://www.facebook.com/B05/posts/00133,,,2942,32
p00134,B03,2026-03-02T01:17:00+00:00,انشر قبل الحذف بيان منسوب لإدارة الجامعة يؤكد إلغاء المنح الدراسية لجميع طلاب مدينة ـالنخيل ابتداء من الفصل القادم #انشر,https://www.facebook.com/B03/posts/00134,,,1284,746
p00391,A07,2026-03-02T01:36:00+00:00,وصلتنا كتب جديدة هذا الأسبوع ندعوكم لزيارة المكتبة,https://www.facebook.com/A07/posts/00391,https://www.bbc.com/arabic/demo-story,c52a4cc158254f65,579,208
p00330,O23,2026-03-02T02:22:00+00:00,وصفة اليوم كعك بالتمر سهل التحضير جربوها وأخبرونا برأيكم,https://www.facebook.com/O23/posts/00330,,,2292,332
p00284,O17,2026-03-02T02:37:00+00:00,مباراة الأمس كانت رائعة شكرا لكل الجماهير التي حضرت,https://www.facebook.com/O17/posts/00284,,,1750,648
p00273,O16,2026-03-02T02:38:00+00:00,صورة من غروب الشمس على شاطئ المدينة مساء أمس,https://www.facebook.com/O16/posts/00273,,b1a5409831722549,1834,21
p00459,B05,2026-03-02T04:54:00+00:00,وصفة اليوم كعك بالتمر سهل التحضير جربوها وأخبرونا برأيكم,https://www.facebook.com/B05/posts/00459,https://www.youtube.com/watch?v=demo1,,904,793
p00435,B02,2026-03-02T05:37:00+00:00,فريق التطوع ينظم حملة لتنظيف الحديقة يوم الجمعة,https://www.facebook.com/B02/posts/00435,,4b4d62363976edf3,2583,348
p00226,O09,2026-03-02T06:05:00+00:00,افتتاح مطعم جديد في وسط المدينة بأطباق تقليدية,https://www.facebook.com/O09/posts/00226,,c1c81c2d32b5dff1,1246,159
p00404,A08,2026-03-02T06:40:00+00:00,وصلتنا كتب جديدة هذا الأسبوع ندعوكم لزيارة المكتبة,https://www.facebook.com/A08/posts/00404,https://www.youtube.com/watch?v=demo3,,923,359
p00370,A04,2026-03-02T06:48:00+00:00,درس جديد في أساسيات بايثون متاح الآن على القناة,https://www.facebook.com/A04/posts/00370,https://www.bbc.com/arabic/demo-story,,2951,157
p00452,B04,2026-03-02T07:37:00+00:00,درس جديد في أساسيات بايثون متاح الآن على القناة,https://www.facebook.com/B04/posts/00452,https://www.youtube.com/watch?v=demo1,,1896,496
p00207,O06,2026-03-02T07:59:00+00:00,افتتاح مطعم جديد في وسط المدينة بأطباق تقليدية,https://www.facebook.com/O06/posts/00207,,0b42312f390ff0f4,657,601
p00460,B05,2026-03-02T08:09:00+00:00,افتتاح مطعم جديد في وسط المدينة بأطباق تقليدية,https://www.facebook.com/B05/posts/00460,,,1082,42
p00191,O04,2026-03-02T09:54:00+00:00,عرض مسرحي جديد يبدأ الأسبوع القادم احجزوا مقاعدكم,https://www.facebook.com/O04/posts/00191,https://www.youtube.com/watch?v=demo5,,1795,529
p00321,O22,2026-03-02T10:23:00+00:00,درس جديد في أساسيات بايثون متاح الآن على القناة,https://www.facebook.com/O22/posts/00321,,1ed6b41a1c3fc1db,2001,139
p00399,A07,2026-03-02T11:25:00+00:00,مباراة الأمس كانت رائعة شكرا لكل الجماهير التي حضرت,https://www.facebook.com/A07/posts/00399,https://www.youtube.com/watch?v=demo4,d614f333ac03e0e3,1395,679
p00316,O21,2026-03-02T12:28:00+00:00,صورة من غروب الشمس على شاطئ المدينة مساء أمس,https://www.facebook.com/O21/posts/00316,,,1481,47
p00174,O01,2026-03-02T16:57:00+00:00,عرض مسرحي جديد يبدأ الأسبوع القادم احجزوا مقاعدكم,https://www.facebook.com/O01/posts/00174,,,351,477
p00015,A09,2026-03-02T17:00:00+00:00,خطير جدا خبر صادم المجلس البلدي قرر مضاعفة رسوم الكهرباء ثلاث مرات دون أي إعلان رسمي والسكان آخر من يعلم #الحقيقة,https://www.facebook.com/A09/posts/00015,https://www.city-leaks.example/news/2001?utm_source=fb,030d977ee2255159,2299,58
p00016,A03,2026-03-02T17:00:18+00:00,خبر صادم المجلس البلدي قرر مضاعفة رسوم الكهرباء ثلاث مرات دون أي إعلان رسمي والسكان آخر من يعلم شارك ليعرف الجميع,https://www.facebook.com/A03/posts/00016,https://www.city-leaks.example/news/2001?fbclid=Iw4134,230d977ee0257159,2842,283
p00017,A10,2026-03-02T17:00:49+00:00,عاجل: خبر صادم المجلس البلدي قرر مضاعفة رسوم الكهرباء ثلاث مرات دون أي إعلان رسمي والسكان آخر الآن من يعلم شارك ليعرف الجميع,https://www.facebook.com/A10/posts/00017,https://www.city-leaks.example/news/2001/,230d977ee2257159,1711,124
p00018,A05,2026-03-02T17:01:17+00:00,⚠️ خبر صادم المجلس البلدي قرر مضاعفه رسوم الكهرباء ثلـاث مرات دون أي إعلان رسمي والسكان آخر من يعلم,https://www.facebook.com/A05/posts/00018,https://www.city-leaks.example/news/2001?fbclid=Iw8243,230d977ee2257159,2938,658
p00019,A07,2026-03-02T17:02:02+00:00,خبر صادم المجلس البلدي قرر مضـاعفه رسوم الكهرباء ثلاث مرات دون أي إعلان رسمي والسكان آخر من يعلم شارك ليعرف الجميع,https://www.facebook.com/A07/posts/00019,https://www.city-leaks.example/news/2001?utm_source=fb,230d977ee2357159,2740,229
p00020,A01,2026-03-02T17:02:15+00:00,⚠️ خبر صادم المجلس البلدي قرر مضاعفه رسوم ـالكهرباء ثلاث مرات دون أي إعلان رسمي والسكان آخر من يعلم,https://www.facebook.com/A01/posts/00020,https://www.city-leaks.example/news/2001/,270d977ee2257159,1809,720
p00021,A04,2026-03-02T17:02:19+00:00,عاجل: خبر صادم جدا المجلس البلدي قرر مضاعفة رسوم الكهرباء ثلاث مرات دون أي إعلان رسمي والسكان آخر من يعلم,https://www.facebook.com/A04/posts/00021,https://www.city-leaks.example/news/2001?fbclid=Iw7297,230d977ee2257159,1092,278
p00022,A06,2026-03-02T17:02:24+00:00,🔴 خبر صادم المجلس البلدي قرر مضاعفة رسوم الكهرباء ثلاث مرات دون أي إعلان رسمي والسكان آخر من يعلم #انشر,https://www.facebook.com/A06/posts/00022,https://www.city-leaks.example/news/2001?fbclid=Iw3974,230d977ee22d7159,2202,527
p00023,A08,2026-03-02T17:03:03+00:00,خبر صادم ـالمجلس البلدي قرر مضاعفه رسوم الكهرباء ثلاث مرات دون أي إعلان رسمي والسكان آخر من يعلم #انشر,https://www.facebook.com/A08/posts/00023,https://www.city-leaks.example/news/2001?fbclid=Iw9103,230d977ee2257159,2603,90
p00417,A10,2026-03-02T17:40:00+00:00,افتتاح مطعم جديد في وسط المدينة بأطباق تقليدية,https://www.facebook.com/A10/posts/00417,https://books-club.example/a/11,c6ee9d4b620a5877,1480,710
p00458,B05,2026-03-02T18:15:00+00:00,صورة من غروب الشمس على شاطئ المدينة مساء أمس,https://www.facebook.com/B05/posts/00458,,c9bddbb890ea9fe9,923,649
p00351,A01,2026-03-02T19:33:00+00:00,فريق التطوع ينظم حملة لتنظيف الحديقة يوم الجمعة,https://www.facebook.com/A01/posts/00351,,d31d977dc0b780f3,43,686
p00397,A07,2026-03-02T21:09:00+00:00,للبيع دراجة هوائية بحالة ممتازة التواصل عبر الرسائل,https://www.facebook.com/A07/posts/00397,,,955,245
p00349,A01,2026-03-02T22:39:00+00:00,توقعات الطقس غدا أجواء معتدلة مع احتمال أمطار خفيفة,https://www.facebook.com/A01/posts/00349,https://www.bbc.com/arabic/demo-story,,2638,775
p00286,O17,2026-03-02T23:20:00+00:00,صورة من غروب الشمس على شاطئ المدينة مساء أمس,https://www.facebook.com/O17/posts/00286,https://www.bbc.com/arabic/demo-story,,2260,732
p00389,A06,2026-03-02T23:53:00+00:00,مباراة الأمس كانت رائعة شكرا لكل الجماهير التي حضرت,https://www.facebook.com/A06/posts/00389,,c5d9e0229e458516,2838,178
p00279,O16,2026-03-03T01:26:00+00:00,افتتاح مطعم جديد في وسط المدينة بأطباق تقليدية,https://www.facebook.com/O16/posts/00279,https://books-club.example/a/14,,870,173
p00433,B02,2026-03-03T02:57:00+00:00,صورة من غروب الشمس على شاطئ المدينة مساء أمس,https://www.facebook.com/B02/posts/00433,https://www.youtube.com/watch?v=demo1,c3949286a115f523,573,457
p00264,O14,2026-03-03T03:48:00+00:00,مباراة الأمس كانت رائعة شكرا لكل الجماهير التي حضرت,https://www.facebook.com/O14/posts/00264,,,555,515
p00376,A05,2026-03-03T08:17:00+00:00,للبيع دراجة هوائية بحالة ممتازة التواصل عبر الرسائل,https://www.facebook.com/A05/posts/00376,https://www.bbc.com/arabic/demo-story,19c54985994a855a,10,352
p00024,A02,2026-03-03T09:00:00+00:00,⚠️ عاجل وثيقة مسربة تكشف أن المستشفى المركزي في مدينة النخيل سيغلق أبوابه نهاية الشهر وسيتم نقل المرضى دون إبلاغ ذويهم,https://www.facebook.com/A02/posts/00024,https://www.city-leaks.example/news/2002?utm_source=fb,66d2287672fdf202,831,319
p00025,A08,2026-03-03T09:00:43+00:00,عاجل وثيقه مسربة تكشف أن المستشفى المركزي في مدينة النخيل سيغلق أبوابه نهاية الشهر وسيتم نقل المرضى دون إبلاغ ذويهم #انشر,https://www.facebook.com/A08/posts/00025,https://www.city-leaks.example/news/2002?utm_source=fb,66d2287672fdf202,67,18
p00026,A01,2026-03-03T09:01:18+00:00,انشر قبل الحذف عاجل وثيقة مسربة تكشف أن المستشفى المركزي في مدينة النخيل سيغلق أبوابه نهاية رسميا الشهر وسيتم نقل المرضى دون إبلاغ ذويهم #الحقيقة,https://www.facebook.com/A01/posts/00026,https://www.city-leaks.example/news/2002/,66d228767afdf202,945,350
p00027,A03,2026-03-03T09:01:33+00:00,عاجل وثيقة مسربة تكشف أن المستشفى المركزي في مدينة النخيل سيغلق أبوابه نهاية الشهر وسيتم نقل المرضى دون إبلاغ ذويهم,https://www.facebook.com/A03/posts/00027,https://www.city-leaks.example/news/2002/,6652287772fdf202,673,56
p00028,A05,2026-03-03T09:01:41+00:00,عاجل: عاجل وثيقه مسربة تكشف أن المستشفى المركزي في مدينة النخيل سيغلق أبوابه نهاية الشهر وسيتم نقل المرضى دون إبلاغ ذويهم #مدينة_النخيل,https://www.facebook.com/A05/posts/00028,https://www.city-leaks.example/news/2002?fbclid=Iw7240,64d2287672fdf202,19,269
p00029,A04,2026-03-03T09:02:07+00:00,عاجل وثيقة مسربة تكشف أن جدا المستشفى المركزي في مدينة النخيل سيغلق أبوابه نهاية الشهر وسيتم نقل المرضى دون إبلاغ ذويهم شارك ليعرف الجميع,https://www.facebook.com/A04/posts/00029,https://www.city-leaks.example/news/2002?fbclid=Iw6389,66d2287670fdf202,1021,516
p00394,A07,2026-03-03T10:27:00+00:00,درس جديد في أساسيات بايثون متاح الآن على القناة,https://www.facebook.com/A07/posts/00394,,,2022,688
p00184,O02,2026-03-03T11:54:00+00:00,فريق التطوع ينظم حملة لتنظيف الحديقة يوم الجمعة,https://www.facebook.com/O02/posts/00184,,b563aa56a17370f4,2594,720
p00030,A02,2026-03-03T14:00:00+00:00,خطير جدا مصادر خاصه تؤكد انقطاع المياه عن كامل أحياء مدينة النخيل لمدة أسبوعين ابتداء من الغد والبلدية تخفي الحقيقة عن السكان #مدينة_النخيل,https://www.facebook.com/A02/posts/00030,,aa96f91a14a8f9e7,1168,741
p00031,A03,2026-03-03T14:10:00+00:00,🔴 مصادر خاصة تؤكد انقطاع المياه عن كامل أحياء مدينة النخيل لمدة أسبوعين ابتداء من الغد والبلدية رسميا تخفي الحقيقة عن السكان #الحقيقة,https://www.facebook.com/A03/posts/00031,,2a96fb1a14a0f9e3,2816,598
p00032,A07,2026-03-03T14:22:00+00:00,مصادر خاصه تؤكد انقطاع المياه عن كامل أحياء مدينة النخيل لمدة أسبوعين ابتداء من الغد والبلدية تخفي الحقيقة عن السكان,https://www.facebook.com/A07/posts/00032,,2a96bb1a14a0f9e7,434,385
p00033,A05,2026-03-03T14:30:00+00:00,🔴 مصادر خاصة تؤكد انقطاع المياه عن كامل أحياء مدينة النخيل لمدة أسبوعين ابتداء من الغد والبلدية تخفي الحقيقة عن السكان #مدينة_النخيل,https://www.facebook.com/A05/posts/00033,,2e96fb1814a0f9e6,292,766
p00034,A01,2026-03-03T14:39:00+00:00,انشر قبل الحذف مصادر خاصة تؤكد انقطاع المياه عن كامل أحياء مدينة النخيل لمدة أسبوعين ابتداء من الغد والبلدية جدا تخفي الحقيقة عن السكان #انشر,https://www.facebook.com/A01/posts/00034,,2a96fb1a14a0f9e7,1092,240
p00035,A04,2026-03-03T14:51:00+00:00,مصادر خاصة تؤكد انقطاع المياه عن كامل أحياء مدينة النخيل لمدة أسبوعين ابتداء من الآن الغد والبلدية تخفي الحقيقة عن السكان شارك ليعرف الجميع,https://www.facebook.com/A04/posts/00035,,2a96fb1a16a0f9c7,322,614
p00354,A01,2026-03-03T15:32:00+00:00,صورة من غروب الشمس على شاطئ المدينة مساء أمس,https://www.facebook.com/A01/posts/00354,,,230,697
p00247,O12,2026-03-03T15:48:00+00:00,للبيع دراجة هوائية بحالة ممتازة التواصل عبر الرسائل,https://www.facebook.com/O12/posts/00247,,,1343,388
p00244,O11,2026-03-03T19:25:00+00:00,توقعات الطقس غدا أجواء معتدلة مع احتمال أمطار خفيفة,https://www.facebook.com/O11/posts/00244,,,2229,329
p00401,A08,2026-03-03T20:24:00+00:00,فريق التطوع ينظم حملة لتنظيف الحديقة يوم الجمعة,https://www.facebook.com/A08/posts/00401,,,2482,306
p00231,O10,2026-03-03T20:43:00+00:00,مباراة الأمس كانت رائعة شكرا لكل الجماهير التي حضرت,https://www.facebook.com/O10/posts/00231,https://www.bbc.com/arabic/demo-story,,1617,765
p00135,A10,2026-03-03T22:00:00+00:00,عاجل: شباب المدينة يطالبون الآن بالنزول إلى الساحات بعد تسريب قرار إغلاق الجامعة المحلية نهائيا دون سبب واضح شارك ليعرف الجميع,https://www.facebook.com/A10/posts/00135,https://youth-voice.example/post/302/,,1958,394
p00136,B04,2026-03-03T22:00:31+00:00,خطير جدا شباب ـالمدينة يطالبون بالنزول إلى الساحات بعد تسريب قرار إغلاق الجامعة المحلية نهائيا دون سبب واضح #انشر,https://www.facebook.com/B04/posts/00136,https://youth-voice.example/post/302?fbclid=Iw5456,,2486,743
p00137,B05,2026-03-03T22:00:34+00:00,انشر قبل الحذف شباب المدينه يطالبون بالنزول إلى الساحات بعد تسريب قرار إغلاق الجامعة المحلية نهائيا دون سبب واضح شارك ليعرف الجميع,https://www.facebook.com/B05/posts/00137,https://youth-voice.example/post/302?fbclid=Iw3475,,2469,789
p00138,B01,2026-03-03T22:00:51+00:00,عاجل: شباب المدينه يطالبون بالنزول إلى الساحات بعد تسريب قرار إغلاق الجامعة المحلية نهائيا دون سبب واضح #الحقيقة,https://www.facebook.com/B01/posts/00138,https://youth-voice.example/post/302?fbclid=Iw8393,,178,295
p00139,B02,2026-03-03T22:01:03+00:00,انشر قبل الحذف شباب المدينة يطالبون بالنزول إلى الساحات بعد تسريب قرار إغلاق الجامعة المحلية نهائيا دون سبب واضح #انشر,https://www.facebook.com/B02/posts/00139,https://youth-voice.example/post/302?fbclid=Iw3408,,2194,87
p00140,B03,2026-03-03T22:01:40+00:00,⚠️ شباب المدينة يطالبون بالنزول إلى الساحات بعد تسريب قرار إغلاق الجامعة المحلية نهائيا دون سبب واضح #الحقيقة,https://www.facebook.com/B03/posts/00140,https://youth-voice.example/post/302/,,240,693
p00186,O03,2026-03-04T00:08:00+00:00,افتتاح مطعم جديد في وسط المدينة بأطباق تقليدية,https://www.facebook.com/O03/posts/00186,,c89fa771d99619cd,1149,636
p00383,A05,2026-03-04T00:12:00+00:00,وصفة اليوم كعك بالتمر سهل التحضير جربوها وأخبرونا برأيكم,https://www.facebook.com/A05/posts/00383,https://www.bbc.com/arabic/demo-story,,1507,202
p00239,O10,2026-03-04T00:25:00+00:00,وصلتنا كتب جديدة هذا الأسبوع ندعوكم لزيارة المكتبة,https://www.facebook.com/O10/posts/00239,,,639,613
p00269,O15,2026-03-04T01:49:00+00:00,توقعات الطقس غدا أجواء معتدلة مع احتمال أمطار خفيفة,https://www.facebook.com/O15/posts/00269,,,364,636
p00423,A10,2026-03-04T02:08:00+00:00,افتتاح مطعم جديد في وسط المدينة بأطباق تقليدية,https://www.facebook.com/A10/posts/00423,https://www.bbc.com/arabic/demo-story,,2471,368
p00219,O08,2026-03-04T03:03:00+00:00,مباراة الأمس كانت رائعة شكرا لكل الجماهير التي حضرت,https://www.facebook.com/O08/posts/00219,,,1112,753
p00338,O24,2026-03-04T03:11:00+00:00,للبيع دراجة هوائية بحالة ممتازة التواصل عبر الرسائل,https://www.facebook.com/O24/posts/00338,,,1499,365
p00365,A03,2026-03-04T03:58:00+00:00,وصفة اليوم كعك بالتمر سهل التحضير جربوها وأخبرونا برأيكم,https://www.facebook.com/A03/posts/00365,https://recipes.example/a/39,,2303,754
p00234,O10,2026-03-04T05:42:00+00:00,صورة من غروب الشمس على شاطئ المدينة مساء أمس,https://www.facebook.com/O10/posts/00234,,d33eb4e6b3e6c1bf,2295,267
p00215,O07,2026-03-04T06:55:00+00:00,فريق التطوع ينظم حملة لتنظيف الحديقة يوم الجمعة,https://www.facebook.com/O07/posts/00215,https://www.bbc.com/arabic/demo-story,,988,163
p00380,A05,2026-03-04T08:04:00+00:00,درس جديد في أساسيات بايثون متاح الآن على القناة,https://www.facebook.com/A05/posts/00380,,a9c3d962ba458e95,676,368
p00223,O08,2026-03-04T08:10:00+00:00,وصلتنا كتب جديدة هذا الأسبوع ندعوكم لزيارة المكتبة,https://www.facebook.com/O08/posts/00223,,cca4e513adfbe15c,2723,707
p00461,O05,2026-03-04T08:48:25.431154+00:00,شاهدوا هذا التقرير الجميل عن مهرجان الربيع,https://www.facebook.com/O05/posts/00461,https://festival-news.example/spring-2026,,671,630
p00238,O10,2026-03-04T08:51:00+00:00,وصلتنا كتب جديدة هذا الأسبوع ندعوكم لزيارة المكتبة,https://www.facebook.com/O10/posts/00238,,,991,341
p00462,O15,2026-03-04T10:30:43.655321+00:00,شاهدوا هذا التقرير الجميل عن مهرجان الربيع,https://www.facebook.com/O15/posts/00462,https://festival-news.example/spring-2026,,438,522
p00314,O21,2026-03-04T10:33:00+00:00,للبيع دراجة هوائية بحالة ممتازة التواصل عبر الرسائل,https://www.facebook.com/O21/posts/00314,,7c4d18cd0101b029,1027,165
p00295,O19,2026-03-04T10:38:00+00:00,درس جديد في أساسيات بايثون متاح الآن على القناة,https://www.facebook.com/O19/posts/00295,https://www.bbc.com/arabic/demo-story,,874,329
p00356,A02,2026-03-04T12:34:00+00:00,وصفة اليوم كعك بالتمر سهل التحضير جربوها وأخبرونا برأيكم,https://www.facebook.com/A02/posts/00356,,,601,328
p00183,O02,2026-03-04T12:38:00+00:00,افتتاح مطعم جديد في وسط المدينة بأطباق تقليدية,https://www.facebook.com/O02/posts/00183,,,1138,530
p00463,O01,2026-03-04T12:47:13.029895+00:00,شاهدوا هذا التقرير الجميل عن مهرجان الربيع,https://www.facebook.com/O01/posts/00463,https://festival-news.example/spring-2026,,1568,2
p00036,A03,2026-03-04T13:00:00+00:00,خطير جدا تحذير هام محطات الوقود في مدينة النخيل ستتوقف عن العمل خلال ساعات وعلى الجميع الآن التزود بالوقود فورا قبل فوات الأوان #مدينة_النخيل,https://www.facebook.com/A03/posts/00036,https://www.sahel-truth.example/news/2003/,4720771f8ca81c11,1942,17
p00037,A01,2026-03-04T13:00:21+00:00,⚠️ تحذير هام محطات الوقود في مدينة النخيل ستتوقف عن العمل خلال ساعات وعلى الجميع التزود بالوقود فورا قبل فوات الأوان شارك ليعرف الجميع,https://www.facebook.com/A01/posts/00037,https://www.sahel-truth.example/news/2003,4720771f8ca81811,868,76
p00038,A08,2026-03-04T13:01:01+00:00,🔴 تحذير هام محطات الوقود في مدينة النخيل ستتوقف عن العمل خلال جدا ساعات وعلى الجميع التزود بالوقود فورا قبل فوات الأوان #الحقيقة,https://www.facebook.com/A08/posts/00038,https://www.sahel-truth.example/news/2003?utm_source=fb,4720771f8ca85811,2885,373
p00039,A09,2026-03-04T13:01:18+00:00,⚠️ تحذير هام محطات الوقود في مدينة ـالنخيل ستتوقف عن العمل خلال ساعات وعلى الجميع التزود رسميا بالوقود فورا قبل فوات الأوان #مدينة_النخيل,https://www.facebook.com/A09/posts/00039,https://www.sahel-truth.example/news/2003/,4720671f8ca81811,1545,323
p00040,A04,2026-03-04T13:01:28+00:00,عاجل: تحذير هام محطات الوقود في مدينه النخيل ستتوقف عن العمل خلال سـاعات وعلى الجميع التزود بالوقود فورا قبل فوات الأوان,https://www.facebook.com/A04/posts/00040,https://www.sahel-truth.example/news/2003,4720773e8ca81811,1529,66
p00041,A10,2026-03-04T13:01:56+00:00,⚠️ تحذير هام محطات الوقود في مدينة النخيل ستتوقف عن العمل خلال ساعات وعلى الجميع ـالتزود بالوقود فورا قبل فوات الأوان,https://www.facebook.com/A10/posts/00041,https://www.sahel-truth.example/news/2003,4720771f8ca81811,2716,292
p00042,A07,2026-03-04T13:02:39+00:00,⚠️ تحذير هام محطات الوقود في مدينة النخيل ستتوقف عن العمل خلال ساعات وعلى الجميع التزود بالوقود فورا قبل فوات الأوان شارك ليعرف الجميع,https://www.facebook.com/A07/posts/00042,https://www.sahel-truth.example/news/2003?utm_source=fb,4720771f8ca81811,2589,409
p00043,A05,2026-03-04T13:03:17+00:00,عاجل: تحذير هام محطات الوقود في مدينة النخيل ستتوقف عن العمل خلال ساعات وعلى الآن الجميع التزود بالوقود فورا قبل فوات الأوان #انشر,https://www.facebook.com/A05/posts/00043,https://www.sahel-truth.example/news/2003?utm_source=fb,4720771f8ca81851,2258,130
p00464,O16,2026-03-04T14:04:19.696891+00:00,شاهدوا هذا التقرير الجميل عن مهرجان الربيع,https://www.facebook.com/O16/posts/00464,https://festival-news.example/spring-2026,,126,569
p00328,O22,2026-03-04T14:07:00+00:00,وصفة اليوم كعك بالتمر سهل التحضير جربوها وأخبرونا برأيكم,https://www.facebook.com/O22/posts/00328,,ed20ea498044e81e,1048,710
p00202,O05,2026-03-04T14:29:00+00:00,توقعات الطقس غدا أجواء معتدلة مع احتمال أمطار خفيفة,https://www.facebook.com/O05/posts/00202,,,600,160
p00367,A04,2026-03-04T15:36:00+00:00,صورة من غروب الشمس على شاطئ المدينة مساء أمس,https://www.facebook.com/A04/posts/00367,,,1912,97
p00282,O17,2026-03-04T15:38:00+00:00,وصلتنا كتب جديدة هذا الأسبوع ندعوكم لزيارة المكتبة,https://www.facebook.com/O17/posts/00282,,10406af345f97bce,2053,268
p00465,O04,2026-03-04T16:38:53.718739+00:00,شاهدوا هذا التقرير الجميل عن مهرجان الربيع,https://www.facebook.com/O04/posts/00465,https://festival-news.example/spring-2026,,355,514
p00307,O20,2026-03-04T17:32:00+00:00,وصلتنا كتب جديدة هذا الأسبوع ندعوكم لزيارة المكتبة,https://www.facebook.com/O20/posts/00307,,,1441,796
p00288,O17,2026-03-04T18:21:00+00:00,توقعات الطقس غدا أجواء معتدلة مع احتمال أمطار خفيفة,https://www.facebook.com/O17/posts/00288,https://www.youtube.com/watch?v=demo4,,1243,172
p00430,B01,2026-03-04T18:33:00+00:00,وصفة اليوم كعك بالتمر سهل التحضير جربوها وأخبرونا برأيكم,https://www.facebook.com/B01/posts/00430,https://www.youtube.com/watch?v=demo1,,2662,390
p00466,O21,2026-03-04T18:33:41.845685+00:00,شاهدوا هذا التقرير الجميل عن مهرجان الربيع,https://www.facebook.com/O21/posts/00466,https://festival-news.example/spring-2026,,2515,608
p00421,A10,2026-03-04T19:03:00+00:00,توقعات الطقس غدا أجواء معتدلة مع احتمال أمطار خفيفة,https://www.facebook.com/A10/posts/00421,https://www.bbc.com/arabic/demo-story,,1132,401
p00447,B03,2026-03-04T20:02:00+00:00,درس جديد في أساسيات بايثون متاح الآن على القناة,https://www.facebook.com/B03/posts/00447,https://www.youtube.com/watch?v=demo1,,530,111
p00256,O13,2026-03-04T20:18:00+00:00,افتتاح مطعم جديد في وسط المدينة بأطباق تقليدية,https://www.facebook.com/O13/posts/00256,,,250,740
p00467,O06,2026-03-04T20:47:30.549248+00:00,شاهدوا هذا التقرير الجميل عن مهرجان الربيع,https://www.facebook.com/O06/posts/00467,https://festival-news.example/spring-2026,,2206,79
p00251,O12,2026-03-04T22:00:00+00:00,افتتاح مطعم جديد في وسط المدينة بأطباق تقليدية,https://www.facebook.com/O12/posts/00251,,,333,145
p00468,O25,2026-03-04T22:42:21.350450+00:00,شاهدوا هذا التقرير الجميل عن مهرجان الربيع,https://www.facebook.com/O25/posts/00468,https://festival-news.example/spring-2026,,2714,558
p00450,B04,2026-03-04T23:54:00+00:00,توقعات الطقس غدا أجواء معتدلة مع احتمال أمطار خفيفة,https://www.facebook.com/B04/posts/00450,,1c72f47d034bd1ba,881,745
p00242,O11,2026-03-05T00:06:00+00:00,وصلتنا كتب جديدة هذا الأسبوع ندعوكم لزيارة المكتبة,https://www.facebook.com/O11/posts/00242,https://www.youtube.com/watch?v=demo3,,191,11
p00366,A04,2026-03-05T01:38:00+00:00,للبيع دراجة هوائية بحالة ممتازة التواصل عبر الرسائل,https://www.facebook.com/A04/posts/00366,,,2194,162
p00236,O10,2026-03-05T03:46:00+00:00,للبيع دراجة هوائية بحالة ممتازة التواصل عبر الرسائل,https://www.facebook.com/O10/posts/00236,https://www.bbc.com/arabic/demo-story,b4fc2ba0aface5fd,1997,686
p00381,A05,2026-03-05T04:40:00+00:00,مباراة الأمس كانت رائعة شكرا لكل الجماهير التي حضرت,https://www.facebook.com/A05/posts/00381,,,2645,491
p00208,O06,2026-03-05T06:46:00+00:00,للبيع دراجة هوائية بحالة ممتازة التواصل عبر الرسائل,https://www.facebook.com/O06/posts/00208,https://www.bbc.com/arabic/demo-story,,2034,69
p00341,O24,2026-03-05T07:18:00+00:00,وصلتنا كتب جديدة هذا الأسبوع ندعوكم لزيارة المكتبة,https://www.facebook.com/O24/posts/00341,,5deed32e2169eb7f,2007,533
p00235,O10,2026-03-05T07:19:00+00:00,صورة من غروب الشمس على شاطئ المدينة مساء أمس,https://www.facebook.com/O10/posts/00235,,,1027,60
p00426,B01,2026-03-05T08:20:00+00:00,مباراة الأمس كانت رائعة شكرا لكل الجماهير التي حضرت,https://www.facebook.com/B01/posts/00426,,,1620,760
p00325,O22,2026-03-05T08:47:00+00:00,عرض مسرحي جديد يبدأ الأسبوع القادم احجزوا مقاعدكم,https://www.facebook.com/O22/posts/00325,https://weather-local.example/a/5,8e7ea28cca1de763,1490,273
p00337,O24,2026-03-05T09:03:00+00:00,وصفة اليوم كعك بالتمر سهل التحضير جربوها وأخبرونا برأيكم,https://www.facebook.com/O24/posts/00337,,,1486,438
p00261,O14,2026-03-05T10:34:00+00:00,صورة من غروب الشمس على شاطئ المدينة مساء أمس,https://www.facebook.com/O14/posts/00261,,,464,226
p00248,O12,2026-03-05T12:47:00+00:00,درس جديد في أساسيات بايثون متاح الآن على القناة,https://www.facebook.com/O12/posts/00248,,,1514,139
p00275,O16,2026-03-05T13:10:00+00:00,للبيع دراجة هوائية بحالة ممتازة التواصل عبر الرسائل,https://www.facebook.com/O16/posts/00275,https://www.bbc.com/arabic/demo-story,,2829,779
p00418,A10,2026-03-05T14:12:00+00:00,فريق التطوع ينظم حملة لتنظيف الحديقة يوم الجمعة,https://www.facebook.com/A10/posts/00418,https://www.youtube.com/watch?v=demo5,,2796,266
p00044,A05,2026-03-05T15:00:00+00:00,انشر قبل الحذف تحذير هام محطات الوقود في مدينة ـالنخيل ستتوقف عن العمل خلال ساعات وعلى الجميع التزود بالوقود الآن فورا قبل فوات الأوان #انشر,https://www.facebook.com/A05/posts/00044,https://www.sahel-truth.example/news/2004,4760771f8ca81811,576,560
p00045,A10,2026-03-05T15:00:15+00:00,خطير جدا تحذير هام محطات الوقود في مدينه النخيل الآن ستتوقف عن العمل خلال ساعات وعلى الجميع التزود بالوقود فورا قبل فوـات الأوان #مدينة_النخيل,https://www.facebook.com/A10/posts/00045,https://www.sahel-truth.example/news/2004,4720771f8ca81811,1695,392
p00046,A07,2026-03-05T15:00:44+00:00,خطير جدا تحذير هام محطات الوقود في مدينة النخيل ستتوقف عن العمل خلال سـاعات وعلى الجميع التزود بالوقود فورا قبل فوات الأوان #انشر,https://www.facebook.com/A07/posts/00046,https://www.sahel-truth.example/news/2004?utm_source=fb,4720771f8ca81811,2817,515
p00047,A06,2026-03-05T15:01:20+00:00,انشر قبل الحذف تحذير هام محطات الوقود في مدينة النخيل ستتوقف عن العمل خلال ساعات وعلى الجميع التزود بالوقود فورا قبل فوات الأوان #انشر,https://www.facebook.com/A06/posts/00047,https://www.sahel-truth.example/news/2004,4720771f8ca81811,526,33
p00048,A02,2026-03-05T15:01:50+00:00,خطير جدا تحذير هام محطات الوقود في مدينة النخيل ستتوقف عن العمل خلال ساعات وعلى ـالجميع التزود بالوقود فورا قبل فوات الأوان شارك ليعرف الجميع,https://www.facebook.com/A02/posts/00048,https://www.sahel-truth.example/news/2004/,4720771f0ca81811,451,229
p00049,A03,2026-03-05T15:02:02+00:00,انشر قبل الحذف تحذير هام محطات الوقود في مدينة النخيل ستتوقف عن العمل خلال ساعات وعلى الجميع التزود بالوقود فورا قبل فوات الأوان,https://www.facebook.com/A03/posts/00049,https://www.sahel-truth.example/news/2004,4720771f8ca81830,519,238
p00050,A04,2026-03-05T15:02:41+00:00,انشر قبل الحذف تحذير هام محطات الوقود في مدينة النخيل ستتوقف عن العمل خلال ساعات وعلى الجميع التزود بالوقود فورا قبل فوات الأوان,https://www.facebook.com/A04/posts/00050,https://www.sahel-truth.example/news/2004?fbclid=Iw1615,4720771f8ca81811,293,307
p00259,O13,2026-03-05T15:08:00+00:00,افتتاح مطعم جديد في وسط المدينة بأطباق تقليدية,https://www.facebook.com/O13/posts/00259,https://www.bbc.com/arabic/demo-story,,2383,426
p00441,B03,2026-03-05T16:10:00+00:00,للبيع دراجة هوائية بحالة ممتازة التواصل عبر الرسائل,https://www.facebook.com/B03/posts/00441,https://football-club.example/a/8,,318,753
p00206,O06,2026-03-05T16:40:00+00:00,توقعات الطقس غدا أجواء معتدلة مع احتمال أمطار خفيفة,https://www.facebook.com/O06/posts/00206,,e3fa79a938550f64,1626,596
p00377,A05,2026-03-05T18:09:00+00:00,للبيع دراجة هوائية بحالة ممتازة التواصل عبر الرسائل,https://www.facebook.com/A05/posts/00377,,59a8a9f455485980,1846,492
p00294,O18,2026-03-05T19:25:00+00:00,مباراة الأمس كانت رائعة شكرا لكل الجماهير التي حضرت,https://www.facebook.com/O18/posts/00294,https://recipes.example/a/9,e021d1dcd0fd57c9,2362,349
p00051,A05,2026-03-05T20:00:00+00:00,عاجل: انتشار مرض غامض في مدارس مدينة النخيل والإدارة تمنع الأهالي رسميا من الحديث عنه ويجب سحب الأطفال فورا شارك ليعرف الجميع,https://www.facebook.com/A05/posts/00051,,6e36aab051bc52d9,124,421
p00398,A07,2026-03-05T20:08:00+00:00,عرض مسرحي جديد يبدأ الأسبوع القادم احجزوا مقاعدكم,https://www.facebook.com/A07/posts/00398,,9333737d7e1c6389,2812,727
p00052,A04,2026-03-05T20:12:00+00:00,🔴 انتشار مرض غامض في مدارس مدينة الآن النخيل والإدارة تمنع الأهالي من الحديث عنه ويجب سحب الأطفال فورا شارك ليعرف الجميع,https://www.facebook.com/A04/posts/00052,,6e36aab0d1bc52d9,1058,233
p00392,A07,2026-03-05T20:14:00+00:00,درس جديد في أساسيات بايثون متاح الآن على القناة,https://www.facebook.com/A07/posts/00392,,,278,2
p00053,A01,2026-03-05T20:23:00+00:00,🔴 انتشار مرض غامض في مدارس مدينة النخيل والإدارة تمنع الأهالي من الحديث عنه ويجب سحب الأطفال فورا #انشر,https://www.facebook.com/A01/posts/00053,,6e32eab0d3bc52d9,32,299
p00054,A08,2026-03-05T20:35:00+00:00,عاجل: انتشار مرض غامض في مدارس مدينة النخيل والإدارة تمنع الأهالي من الحديث عنه ويجب سحب جدا الأطفال فورا #مدينة_النخيل,https://www.facebook.com/A08/posts/00054,,6e36aa92c1bc52d9,451,638
p00055,A10,2026-03-05T20:43:00+00:00,🔴 انتشار مرض غامض في مدارس مدينة النخيل والإدارة تمنع الأهالي من الحديث عنه ويجب سحب الأطفال فورا,https://www.facebook.com/A10/posts/00055,,6e32aab0d1bc52d9,227,218
p00141,B03,2026-03-05T22:00:00+00:00,خطير جدا بيان منسوب لإدارة الجامعة يؤكد إلغاء المنح الدراسية رسميا لجميع طلاب مدينة النخيل ابتداء من الفصل القادم #الحقيقة,https://www.facebook.com/B03/posts/00141,https://youth-voice.example/post/304?fbclid=Iw9784,,831,193
p00142,B05,2026-03-05T22:00:16+00:00,عاجل: بيان منسوب لإدارة الجامعة يؤكد إلغاء المنح الدراسية لجميع طلاب مدينة الآن النخيل ـابتداء من الفصل القادم #مدينة_النخيل,https://www.facebook.com/B05/posts/00142,https://youth-voice.example/post/304,,187,505
p00143,B01,2026-03-05T22:00:42+00:00,خطير جدا بيان منسوب لإداره الجامعة يؤكد إلغاء المنح الدراسية لجميع طلاب مدينة النخيل ابتداء من الفصل القادم,https://www.facebook.com/B01/posts/00143,https://youth-voice.example/post/304?fbclid=Iw2738,,1417,287
p00144,B04,2026-03-05T22:01:18+00:00,خطير جدا بيان منسوب لإدارة الجامعة يؤكد إلغاء المنح الدراسية لجميع طلاب مدينة النخيل ابتداء من ـالفصل القادم #مدينة_النخيل,https://www.facebook.com/B04/posts/00144,https://youth-voice.example/post/304,,1076,797
p00145,B02,2026-03-05T22:01:38+00:00,عاجل: بيان منسوب لإدارة الجامعة يؤكد إلغاء المنح الدراسية لجميع طلاب مدينة النخيل ابتداء من الفصل القادم #انشر,https://www.facebook.com/B02/posts/00145,https://youth-voice.example/post/304,,160,346
p00146,A09,2026-03-05T22:01:53+00:00,بيان منسوب لإدارة الجامعة يؤكد إلغاء المنح الدراسية لجميع طلاب مدينة رسميا النخيل ابتداء من الفصل القادم #الحقيقة,https://www.facebook.com/A09/posts/00146,https://youth-voice.example/post/304/,,2625,406
p00270,O16,2026-03-05T22:06:00+00:00,درس جديد في أساسيات بايثون متاح الآن على القناة,https://www.facebook.com/O16/posts/00270,,d76ad77ebed4c56e,1403,781
p00368,A04,2026-03-05T22:06:00+00:00,وصفة اليوم كعك بالتمر سهل التحضير جربوها وأخبرونا برأيكم,https://www.facebook.com/A04/posts/00368,,,2703,263
p00346,O25,2026-03-05T22:08:00+00:00,فريق التطوع ينظم حملة لتنظيف الحديقة يوم الجمعة,https://www.facebook.com/O25/posts/00346,https://weather-local.example/a/40,,176,729
p00444,B03,2026-03-06T00:18:00+00:00,عرض مسرحي جديد يبدأ الأسبوع القادم احجزوا مقاعدكم,https://www.facebook.com/B03/posts/00444,,a0a8d0f35afa434b,675,578
p00453,B04,2026-03-06T00:21:00+00:00,مباراة الأمس كانت رائعة شكرا لكل الجماهير التي حضرت,https://www.facebook.com/B04/posts/00453,https://football-club.example/a/23,,522,204
p00147,B05,2026-03-06T01:00:00+00:00,شباب المدينه يطالبون بالنزول إلى الساحات بعد رسميا تسريب قرار إغلاق الجامعة المحلية نهائيا دون سبب واضح #انشر,https://www.facebook.com/B05/posts/00147,,,1446,60
p00148,B02,2026-03-06T01:09:00+00:00,خطير جدا شباب المدينه يطالبون بالنزول إلى الساحات بعد تسريب قرار إغلاق الجامعة المحلية نهائيا دون سبب واضح شارك ليعرف الجميع,https://www.facebook.com/B02/posts/00148,,,233,103
p00149,B01,2026-03-06T01:12:00+00:00,⚠️ شباب ـالمدينة يطالبون بالنزول إلى الساحات بعد تسريب قرار إغلاق الجامعة المحلية نهائيا دون سبب واضح #الحقيقة,https://www.facebook.com/B01/posts/00149,,,2427,451
p00150,B04,2026-03-06T01:23:00+00:00,⚠️ شباب المدينة يطالبون بالنزول إلى الساحات بعد تسريب قرار إغلاق الجامعة المحلية نهائيا دون سبب واضح شارك ليعرف الجميع,https://www.facebook.com/B04/posts/00150,,,1560,172
p00374,A04,2026-03-06T02:56:00+00:00,عرض مسرحي جديد يبدأ الأسبوع القادم احجزوا مقاعدكم,https://www.facebook.com/A04/posts/00374,,,1195,501
p00386,A06,2026-03-06T03:11:00+00:00,صورة من غروب الشمس على شاطئ المدينة مساء أمس,https://www.facebook.com/A06/posts/00386,,2756116e2bd8d742,1087,31
p00309,O20,2026-03-06T03:49:00+00:00,توقعات الطقس غدا أجواء معتدلة مع احتمال أمطار خفيفة,https://www.facebook.com/O20/posts/00309,https://recipes.example/a/7,,1441,61
p00232,O10,2026-03-06T08:35:00+00:00,درس جديد في أساسيات بايثون متاح الآن على القناة,https://www.facebook.com/O10/posts/00232,https://www.youtube.com/watch?v=demo4,,2824,643
p00311,O21,2026-03-06T10:22:00+00:00,صورة من غروب الشمس على شاطئ المدينة مساء أمس,https://www.facebook.com/O21/posts/00311,https://recipes.example/a/17,,1340,777
p00439,B02,2026-03-06T11:34:00+00:00,وصفة اليوم كعك بالتمر سهل التحضير جربوها وأخبرونا برأيكم,https://www.facebook.com/B02/posts/00439,,,2182,337
p00217,O07,2026-03-06T12:07:00+00:00,وصلتنا كتب جديدة هذا الأسبوع ندعوكم لزيارة المكتبة,https://www.facebook.com/O07/posts/00217,,,1073,610
p00252,O13,2026-03-06T12:14:00+00:00,فريق التطوع ينظم حملة لتنظيف الحديقة يوم الجمعة,https://www.facebook.com/O13/posts/00252,https://uni-news.example/a/26,,899,740
p00310,O20,2026-03-06T12:34:00+00:00,توقعات الطقس غدا أجواء معتدلة مع احتمال أمطار خفيفة,https://www.facebook.com/O20/posts/00310,,,1543,672
p00372,A04,2026-03-06T14:03:00+00:00,للبيع دراجة هوائية بحالة ممتازة التواصل عبر الرسائل,https://www.facebook.com/A04/posts/00372,https://recipes.example/a/21,b1b697768bb44830,388,202
p00221,O08,2026-03-06T14:27:00+00:00,عرض مسرحي جديد يبدأ الأسبوع القادم احجزوا مقاعدكم,https://www.facebook.com/O08/posts/00221,https://www.youtube.com/watch?v=demo5,,794,67
p00352,A01,2026-03-06T14:55:00+00:00,توقعات الطقس غدا أجواء معتدلة مع احتمال أمطار خفيفة,https://www.facebook.com/A01/posts/00352,,,2789,301
p00056,A01,2026-03-06T17:00:00+00:00,خطير جدا خبر صادم المجلس البلدي قرر مضاعفه رسوم الكهرباء ثلاث مرات دون أي إعلان رسمي والسكان آخر من يعلم شارك ليعرف الجميع,https://www.facebook.com/A01/posts/00056,https://www.alnakheel-now.example/news/2005,230d977ee2257159,1282,680
p00057,A03,2026-03-06T17:00:27+00:00,انشر قبل الحذف خبر صادم الآن المجلس البلدي قرر مضاعفه رسوم الكهرباء ثلاث مرات دون أي إعلان رسمي والسكان آخر من يعلم,https://www.facebook.com/A03/posts/00057,https://www.alnakheel-now.example/news/2005?fbclid=Iw7125,230c977ee6257159,1465,787
p00058,A07,2026-03-06T17:00:49+00:00,⚠️ خبر صادم المجلس البلدي قرر مضاعفه رسوم الكهرباء ثلاث مرات دون أي إعلان رسمي والسكان آخر من الآن يعلم شارك ليعرف الجميع,https://www.facebook.com/A07/posts/00058,https://www.alnakheel-now.example/news/2005,230d977ee2257159,2592,420
p00059,A04,2026-03-06T17:01:07+00:00,خبر الآن صادم المجلس البلدي قرر مضاعفه رسوم الكهرباء ثلاث مرات دون أي إعلان رسمي والسكان آخر من يعلم #الحقيقة,https://www.facebook.com/A04/posts/00059,https://www.alnakheel-now.example/news/2005,230dd77ee2257159,1120,343
p00060,A06,2026-03-06T17:01:49+00:00,⚠️ خبر صادم المجلس البلدي قرر مضاعفة رسوم الكهرباء ثلاث مرات دون أي إعلان رسمي والسكان آخر من يعلم,https://www.facebook.com/A06/posts/00060,https://www.alnakheel-now.example/news/2005?fbclid=Iw1714,230d977ee2257051,962,109
p00061,A09,2026-03-06T17:02:22+00:00,عاجل: خبر صادم المجلس البلدي قرر مضاعفة رسوم الكهرباء ثلاث مرات دون أي إعلان رسمي والسكان آخر من يعلم شارك ليعرف الجميع,https://www.facebook.com/A09/posts/00061,https://www.alnakheel-now.example/news/2005/,230d977ee2257159,40,756
p00342,O24,2026-03-06T17:46:00+00:00,عرض مسرحي جديد يبدأ الأسبوع القادم احجزوا مقاعدكم,https://www.facebook.com/O24/posts/00342,,,1566,258
p00348,O25,2026-03-06T18:19:00+00:00,افتتاح مطعم جديد في وسط المدينة بأطباق تقليدية,https://www.facebook.com/O25/posts/00348,https://books-club.example/a/9,,2731,208
p00308,O20,2026-03-06T20:29:00+00:00,فريق التطوع ينظم حملة لتنظيف الحديقة يوم الجمعة,https://www.facebook.com/O20/posts/00308,,581f51b0e98ffeeb,1598,471
p00209,O06,2026-03-06T20:40:00+00:00,افتتاح مطعم جديد في وسط المدينة بأطباق تقليدية,https://www.facebook.com/O06/posts/00209,,660a83b74f24f882,2920,496
p00378,A05,2026-03-06T23:06:00+00:00,مباراة الأمس كانت رائعة شكرا لكل الجماهير التي حضرت,https://www.facebook.com/A05/posts/00378,https://www.youtube.com/watch?v=demo1,,1868,97
p00440,B02,2026-03-07T01:29:00+00:00,فريق التطوع ينظم حملة لتنظيف الحديقة يوم الجمعة,https://www.facebook.com/B02/posts/00440,https://www.youtube.com/watch?v=demo2,,2906,632
p00262,O14,2026-03-07T02:26:00+00:00,صورة من غروب الشمس على شاطئ المدينة مساء أمس,https://www.facebook.com/O14/posts/00262,,,1035,726
p00345,O25,2026-03-07T08:56:00+00:00,مباراة الأمس كانت رائعة شكرا لكل الجماهير التي حضرت,https://www.facebook.com/O25/posts/00345,,,2025,90
p00424,A10,2026-03-07T09:00:00+00:00,مباراة الأمس كانت رائعة شكرا لكل الجماهير التي حضرت,https://www.facebook.com/A10/posts/00424,,,399,771
p00062,A06,2026-03-07T10:00:00+00:00,خطير جدا عاجل وثيقة مسربة تكشف أن المستشفى المركزي في مدينة النخيل سيغلق أبوابه نهاية الشهر وسيتم نقل المرضى دون إبلاغ ذويهم #انشر,https://www.facebook.com/A06/posts/00062,https://www.city-leaks.example/news/2006?utm_source=fb,66d2287672fdf202,1752,107
p00063,A08,2026-03-07T10:00:07+00:00,انشر قبل الحذف عاجل وثيقة مسربة تكشف أن المستشفى المركزي في مدينة النخيل سيغلق أبوابه نهاية الشهر وسيتم نقل المرضى دون إبلاغ ذويهم #مدينة_النخيل,https://www.facebook.com/A08/posts/00063,https://www.city-leaks.example/news/2006,66d2287672fdf202,549,426
p00064,A10,2026-03-07T10:00:39+00:00,⚠️ عاجل وثيقه مسربة تكشف أن المستشفى المركزي في رسميا مدينة النخيل سيغلق أبوابه نهاية الشهر وسيتم نقل المرضى دون إبلاغ ذويهم #انشر,https://www.facebook.com/A10/posts/00064,https://www.city-leaks.example/news/2006,66d2287672fdf202,1804,253
p00065,A07,2026-03-07T10:00:53+00:00,عاجل: عاجل وثيقة مسربة تكشف أن المستشفى المركزي في مدينة النخيل سيغلق أبوابه نهاية الشهر وسيتم نقل المرضى دون إبلاغ ذويهم #الحقيقة,https://www.facebook.com/A07/posts/00065,https://www.city-leaks.example/news/2006?utm_source=fb,66d2287652fde202,2681,475
p00066,A05,2026-03-07T10:00:58+00:00,⚠️ عاجل وثيقة مسربة تكشف أن المستشفى المركزي في مدينة النخيل سيغلق أبوابه نهاية الشهر وسيتم نقل المرضى دون إبلاغ ذويهم,https://www.facebook.com/A05/posts/00066,https://www.city-leaks.example/news/2006,66d2287652fdf202,493,51
p00067,A01,2026-03-07T10:01:13+00:00,🔴 عاجل وثيقه مسربة تكشف أن المستشفى ـالمركزي في مدينة النخيل سيغلق أبوابه نهاية الشهر وسيتم نقل المرضى دون إبلاغ ذويهم,https://www.facebook.com/A01/posts/00067,https://www.city-leaks.example/news/2006,66d2287672fdf202,2616,610
p00068,A02,2026-03-07T10:01:55+00:00,🔴 عاجل وثيقه مسربة تكشف أن المستشفى الآن المركزي في مدينة النخيل سيغلق أبوـابه نهاية الشهر وسيتم نقل المرضى دون إبلاغ ذويهم #مدينة_النخيل,https://www.facebook.com/A02/posts/00068,https://www.city-leaks.example/news/2006?utm_source=fb,66d2287672fdf202,1345,418
p00327,O22,2026-03-07T10:41:00+00:00,وصلتنا كتب جديدة هذا الأسبوع ندعوكم لزيارة المكتبة,https://www.facebook.com/O22/posts/00327,https://www.youtube.com/watch?v=demo4,,1583,419
p00276,O16,2026-03-07T10:45:00+00:00,وصفة اليوم كعك بالتمر سهل التحضير جربوها وأخبرونا برأيكم,https://www.facebook.com/O16/posts/00276,,26a391d7fe968f77,2000,513
p00432,B01,2026-03-07T13:06:00+00:00,صورة من غروب الشمس على شاطئ المدينة مساء أمس,https://www.facebook.com/B01/posts/00432,,,1478,692
p00172,O01,2026-03-07T13:19:00+00:00,وصفة اليوم كعك بالتمر سهل التحضير جربوها وأخبرونا برأيكم,https://www.facebook.com/O01/posts/00172,,,1031,124
p00363,A03,2026-03-07T13:23:00+00:00,صورة من غروب الشمس على شاطئ المدينة مساء أمس,https://www.facebook.com/A03/posts/00363,https://www.bbc.com/arabic/demo-story,,2430,625
p00434,B02,2026-03-07T14:13:00+00:00,فريق التطوع ينظم حملة لتنظيف الحديقة يوم الجمعة,https://www.facebook.com/B02/posts/00434,,,2444,33
p00292,O18,2026-03-07T14:39:00+00:00,عرض مسرحي جديد يبدأ الأسبوع القادم احجزوا مقاعدكم,https://www.facebook.com/O18/posts/00292,,a05efda22a20f08d,1102,242
p00069,A02,2026-03-07T15:00:00+00:00,عاجل: عاجل وثيقة مسربة تكشف أن المستشفى المركزي في مدينة النخيل سيغلق أبوابه نهاية الشهر وسيتم نقل المرضى دون إبلاغ ذويهم #الحقيقة,https://www.facebook.com/A02/posts/00069,,66d2287672fdf202,2679,167
p00070,A04,2026-03-07T15:07:00+00:00,⚠️ عاجل وثيقه مسربة تكشف أن المستشفى المركزي في مدينة النخيل سيغلق أبوابه نهاية الشهر وسيتم نقل المرضى دون إبلاغ ذويهم شارك ليعرف الجميع,https://www.facebook.com/A04/posts/00070,,66d2287672fdf202,1284,763
p00071,A01,2026-03-07T15:17:00+00:00,⚠️ عاجل وثيقه مسربة تكشف أن المستشفى المركزي في مدينة النخيل سيغلق أبوابه نهاية الشهر وسيتم نقل المرضى دون إبلاغ ذويهم #مدينة_النخيل,https://www.facebook.com/A01/posts/00071,,66da287676fdf203,1783,160
p00072,A07,2026-03-07T15:24:00+00:00,انشر قبل الحذف عاجل وثيقة مسربة تكشف أن المستشفى المركزي في مدينة النخيل سيغلق أبوابه نهاية الشهر وسيتم نقل المرضى دون إبلاغ ذويهم #مدينة_النخيل,https://www.facebook.com/A07/posts/00072,,66d2287672fdf200,216,564
p00073,A09,2026-03-07T15:27:00+00:00,خطير جدا عاجل وثيقه مسربة تكشف أن المستشفى المركزي في مدينة النخيل سيغلق أبوابه نهاية الشهر وسيتم نقل المرضى دون إبلاغ ذويهم #انشر,https://www.facebook.com/A09/posts/00073,,66d2287672f9f202,1430,290
p00074,A05,2026-03-07T15:30:00+00:00,انشر قبل الحذف عاجل وثيقه مسربة تكشف أن المستشفى المركزي في مدينة النخيل سيغلق أبوابه نهاية الشهر وسيتم نقل المرضى دون إبلاغ ذويهم #مدينة_النخيل,https://www.facebook.com/A05/posts/00074,,66d2287672fcf222,1982,322
p00075,A06,2026-03-07T15:31:00+00:00,🔴 عاجل وثيقه مسربة تكشف أن المستشفى المركزي في مدينة النخيل سيغلق أبوابه نهاية الشهر وسيتم نقل المرضى دون إبلاغ ذويهم #الحقيقة,https://www.facebook.com/A06/posts/00075,,66d2287662fdf202,2548,414
p00416,A10,2026-03-07T15:32:00+00:00,درس جديد في أساسيات بايثون متاح الآن على القناة,https://www.facebook.com/A10/posts/00416,https://www.bbc.com/arabic/demo-story,,827,528
p00449,B04,2026-03-07T15:59:00+00:00,عرض مسرحي جديد يبدأ الأسبوع القادم احجزوا مقاعدكم,https://www.facebook.com/B04/posts/00449,,,2977,393
p00230,O10,2026-03-07T20:22:00+00:00,افتتاح مطعم جديد في وسط المدينة بأطباق تقليدية,https://www.facebook.com/O10/posts/00230,,,198,250
p00431,B01,2026-03-07T21:00:00+00:00,مباراة الأمس كانت رائعة شكرا لكل الجماهير التي حضرت,https://www.facebook.com/B01/posts/00431,https://www.bbc.com/arabic/demo-story,,2482,521
p00428,B01,2026-03-07T21:41:00+00:00,عرض مسرحي جديد يبدأ الأسبوع القادم احجزوا مقاعدكم,https://www.facebook.com/B01/posts/00428,https://weather-local.example/a/5,aaf5bb3792e70bb6,969,591
p00151,A09,2026-03-07T22:00:00+00:00,عاجل: شباب المدينة يطالبون بالنزول إلى الساحات بعد تسريب قرار إغلاق الجامعة المحلية نهائيا دون سبب واضح شارك ليعرف الجميع,https://www.facebook.com/A09/posts/00151,https://youth-voice.example/post/306,,402,394
p00152,B01,2026-03-07T22:00:04+00:00,شباب المدينه يطالبون بالنزول إلى الساحات بعد تسريب قرار إغلاق الجامعة المحلية نهائيا دون سبب واضح #انشر,https://www.facebook.com/B01/posts/00152,https://youth-voice.example/post/306/,,589,339
p00153,B04,2026-03-07T22:00:21+00:00,عاجل: شباب المدينه يطالبون بالنزول إلى الساحات بعد تسريب قرار إغلاق الجامعة المحلية نهائيا دون سبب واضح #انشر,https://www.facebook.com/B04/posts/00153,https://youth-voice.example/post/306?utm_source=fb,,1718,421
p00154,B02,2026-03-07T22:00:39+00:00,⚠️ شباب المدينة يطالبون بالنزول إلى الآن الساحات بعد تسريب قرار إغلاق الجامعة المحلية نهائيا دون سبب واضح شارك ليعرف الجميع,https://www.facebook.com/B02/posts/00154,https://youth-voice.example/post/306,,1981,116
p00155,A10,2026-03-07T22:00:51+00:00,خطير جدا شباب المدينة يطالبون بالنزول إلى الساحات بعد تسريب قرار إغلاق الجامعة المحلية نهائيا دون سبب واضح شارك ليعرف الجميع,https://www.facebook.com/A10/posts/00155,https://youth-voice.example/post/306,,1177,122
p00156,B03,2026-03-07T22:01:10+00:00,⚠️ شباب المدينه يطالبون بالنزول إلى الساحات بعد جدا تسريب قرار إغلاق الجامعة المحلية نهائيا دون سبب واضح شارك ليعرف الجميع,https://www.facebook.com/B03/posts/00156,https://youth-voice.example/post/306?fbclid=Iw4303,,669,58
p00340,O24,2026-03-07T22:39:00+00:00,مباراة الأمس كانت رائعة شكرا لكل الجماهير التي حضرت,https://www.facebook.com/O24/posts/00340,,,1964,748
p00403,A08,2026-03-07T23:32:00+00:00,عرض مسرحي جديد يبدأ الأسبوع القادم احجزوا مقاعدكم,https://www.facebook.com/A08/posts/00403,https://www.youtube.com/watch?v=demo4,,499,221
p00176,O01,2026-03-08T00:20:00+00:00,افتتاح مطعم جديد في وسط المدينة بأطباق تقليدية,https://www.facebook.com/O01/posts/00176,,bc65f6c03e4f81fc,364,758
p00347,O25,2026-03-08T01:14:00+00:00,توقعات الطقس غدا أجواء معتدلة مع احتمال أمطار خفيفة,https://www.facebook.com/O25/posts/00347,,,1056,360
p00358,A02,2026-03-08T03:10:00+00:00,عرض مسرحي جديد يبدأ الأسبوع القادم احجزوا مقاعدكم,https://www.facebook.com/A02/posts/00358,,,2794,52
p00396,A07,2026-03-08T03:16:00+00:00,افتتاح مطعم جديد في وسط المدينة بأطباق تقليدية,https://www.facebook.com/A07/posts/00396,,,2595,118
p00318,O21,2026-03-08T05:19:00+00:00,توقعات الطقس غدا أجواء معتدلة مع احتمال أمطار خفيفة,https://www.facebook.com/O21/posts/00318,https://www.youtube.com/watch?v=demo2,a464b62556ec141e,2730,733
p00382,A05,2026-03-08T05:41:00+00:00,وصلتنا كتب جديدة هذا الأسبوع ندعوكم لزيارة المكتبة,https://www.facebook.com/A05/posts/00382,https://recipes.example/a/7,,2200,554
p00390,A07,2026-03-08T05:48:00+00:00,درس جديد في أساسيات بايثون متاح الآن على القناة,https://www.facebook.com/A07/posts/00390,https://uni-news.example/a/38,,1692,416
p00178,O01,2026-03-08T05:51:00+00:00,فريق التطوع ينظم حملة لتنظيف الحديقة يوم الجمعة,https://www.facebook.com/O01/posts/00178,,,131,248
p00344,O25,2026-03-08T07:24:00+00:00,للبيع دراجة هوائية بحالة ممتازة التواصل عبر الرسائل,https://www.facebook.com/O25/posts/00344,,,1052,247
p00359,A02,2026-03-08T07:34:00+00:00,للبيع دراجة هوائية بحالة ممتازة التواصل عبر الرسائل,https://www.facebook.com/A02/posts/00359,https://www.youtube.com/watch?v=demo5,351f20ff0d56e625,2203,667
p00371,A04,2026-03-08T09:03:00+00:00,درس جديد في أساسيات بايثون متاح الآن على القناة,https://www.facebook.com/A04/posts/00371,,,883,155
p00222,O08,2026-03-08T09:59:00+00:00,درس جديد في أساسيات بايثون متاح الآن على القناة,https://www.facebook.com/O08/posts/00222,https://www.youtube.com/watch?v=demo4,,1907,793
p00076,A01,2026-03-08T11:00:00+00:00,🔴 عاجل وثيقة مسربة تكشف أن المستشفى المركزي في مدينة النخيل سيغلق أبوابه نهاية الشهر وسيتم نقل المرضى دون إبلاغ ذويهم #انشر,https://www.facebook.com/A01/posts/00076,https://www.sahel-truth.example/news/2007,66d2287672fdf202,1601,613
p00077,A07,2026-03-08T11:00:32+00:00,انشر قبل الحذف عاجل وثيقة مسربة تكشف أن المستشفى المركزي في مدينة النخيل سيغلق أبوابه نهاية الشهر وسيتم نقل المرضى دون إبلاغ ذويهم #الحقيقة,https://www.facebook.com/A07/posts/00077,https://www.sahel-truth.example/news/2007/,66d2287672bdf202,100,3
p00078,A03,2026-03-08T11:01:14+00:00,انشر قبل الحذف عاجل وثيقة مسربة تكشف أن المستشفى المركزي في مدينة النخيل سيغلق أبوابه نهاية الشهر وسيتم نقل المرضى دون إبلاغ ذويهم,https://www.facebook.com/A03/posts/00078,https://www.sahel-truth.example/news/2007/,66d2287672fdf202,531,367
p00079,A04,2026-03-08T11:01:44+00:00,عاجل وثيقة مسربة تكشف أن المستشفى المركزي في مدينة النخيل سيغلق أبوابه نهاية الشهر وسيتم نقل المرضى دون إبلاغ ذويهم #مدينة_النخيل,https://www.facebook.com/A04/posts/00079,https://www.sahel-truth.example/news/2007,66d2287672fdf202,1290,796
p00080,A08,2026-03-08T11:02:19+00:00,عاجل: عاجل وثيقة مسربة تكشف أن المستشفى المركزي في مدينة النخيل سيغلق أبوابه نهاية الشهر وسيتم نقل المرضى دون إبلاغ ذويهم,https://www.facebook.com/A08/posts/00080,https://www.sahel-truth.example/news/2007,66d2287672fdf202,2520,749
p00081,A10,2026-03-08T11:02:29+00:00,عاجل: عاجل وثيقة مسربة تكشف أن المستشفى المركزي في مدينة النخيل سيغلق أبوابه نهاية الشهر وسيتم نقل المرضى دون إبلاغ ذويهم #مدينة_النخيل,https://www.facebook.com/A10/posts/00081,https://www.sahel-truth.example/news/2007?utm_source=fb,66d2287672fdf202,1442,625
p00082,A02,2026-03-08T11:02:48+00:00,انشر قبل الحذف عاجل وثيقه مسربة تكشف أن المستشفى المركزي في مدينة النخيل سيغلق أبوابه نهاية الشهر جدا وسيتم نقل المرضى دون إبلاغ ذويهم #مدينة_النخيل,https://www.facebook.com/A02/posts/00082,https://www.sahel-truth.example/news/2007?fbclid=Iw3601,66d2287432fdf202,1311,381
p00083,A05,2026-03-08T11:02:53+00:00,⚠️ عاجل وثيقه مسربة تكشف أن المستشفى المركزي في مدينة النخيل سيغلق أبوابه نهاية الشهر وسيتم نقل المرضى دون إبلاغ ذويهم شارك ليعرف الجميع,https://www.facebook.com/A05/posts/00083,https://www.sahel-truth.example/news/2007?utm_source=fb,66d2287672fdf202,1087,117
p00281,O17,2026-03-08T11:40:00+00:00,وصفة اليوم كعك بالتمر سهل التحضير جربوها وأخبرونا برأيكم,https://www.facebook.com/O17/posts/00281,https://books-club.example/a/31,fc848f79e053cffd,2498,46
p00445,B03,2026-03-08T12:24:00+00:00,للبيع دراجة هوائية بحالة ممتازة التواصل عبر الرسائل,https://www.facebook.com/B03/posts/00445,,2cd81dfabd471475,2836,363
p00315,O21,2026-03-08T14:38:00+00:00,افتتاح مطعم جديد في وسط المدينة بأطباق تقليدية,https://www.facebook.com/O21/posts/00315,,,873,593
p00296,O19,2026-03-08T18:26:00+00:00,وصفة اليوم كعك بالتمر سهل التحضير جربوها وأخبرونا برأيكم,https://www.facebook.com/O19/posts/00296,,,1665,624
p00190,O04,2026-03-08T20:16:00+00:00,توقعات الطقس غدا أجواء معتدلة مع احتمال أمطار خفيفة,https://www.facebook.com/O04/posts/00190,https://books-club.example/a/16,,48,26
p00436,B02,2026-03-08T20:47:00+00:00,صورة من غروب الشمس على شاطئ المدينة مساء أمس,https://www.facebook.com/B02/posts/00436,,d20aa558cb20bbec,860,288
p00257,O13,2026-03-08T21:03:00+00:00,للبيع دراجة هوائية بحالة ممتازة التواصل عبر الرسائل,https://www.facebook.com/O13/posts/00257,,,1729,377
p00179,O01,2026-03-08T22:13:00+00:00,توقعات الطقس غدا أجواء معتدلة مع احتمال أمطار خفيفة,https://www.facebook.com/O01/posts/00179,https://www.bbc.com/arabic/demo-story,298c21ba5a4775f8,982,331
p00357,A02,2026-03-08T22:35:00+00:00,عرض مسرحي جديد يبدأ الأسبوع القادم احجزوا مقاعدكم,https://www.facebook.com/A02/posts/00357,https://www.youtube.com/watch?v=demo5,623bc05a50236cc3,1049,679
p00355,A02,2026-03-08T23:16:00+00:00,وصفة اليوم كعك بالتمر سهل التحضير جربوها وأخبرونا برأيكم,https://www.facebook.com/A02/posts/00355,,,1716,597
p00297,O19,2026-03-09T00:28:00+00:00,افتتاح مطعم جديد في وسط المدينة بأطباق تقليدية,https://www.facebook.com/O19/posts/00297,https://www.bbc.com/arabic/demo-story,,2029,612
p00254,O13,2026-03-09T00:57:00+00:00,للبيع دراجة هوائية بحالة ممتازة التواصل عبر الرسائل,https://www.facebook.com/O13/posts/00254,https://www.youtube.com/watch?v=demo2,90393d58cddda66c,2770,356
p00427,B01,2026-03-09T02:38:00+00:00,وصلتنا كتب جديدة هذا الأسبوع ندعوكم لزيارة المكتبة,https://www.facebook.com/B01/posts/00427,https://uni-news.example/a/22,,2139,423
p00301,O19,2026-03-09T03:55:00+00:00,افتتاح مطعم جديد في وسط المدينة بأطباق تقليدية,https://www.facebook.com/O19/posts/00301,,,633,673
p00335,O23,2026-03-09T05:55:00+00:00,فريق التطوع ينظم حملة لتنظيف الحديقة يوم الجمعة,https://www.facebook.com/O23/posts/00335,,,586,67
p00375,A04,2026-03-09T06:01:00+00:00,للبيع دراجة هوائية بحالة ممتازة التواصل عبر الرسائل,https://www.facebook.com/A04/posts/00375,https://www.youtube.com/watch?v=demo2,,2453,597
p00324,O22,2026-03-09T06:50:00+00:00,صورة من غروب الشمس على شاطئ المدينة مساء أمس,https://www.facebook.com/O22/posts/00324,,,1123,720
p00224,O08,2026-03-09T07:55:00+00:00,وصفة اليوم كعك بالتمر سهل التحضير جربوها وأخبرونا برأيكم,https://www.facebook.com/O08/posts/00224,,,2869,473
p00084,A08,2026-03-09T08:00:00+00:00,🔴 تحذير هام محطات ـالوقود في مدينه النخيل ستتوقف عن العمل خلال ساعات وعلى الجميع التزود بالوقود فورا قبل فوات الأوان,https://www.facebook.com/A08/posts/00084,https://www.city-leaks.example/news/2008?utm_source=fb,4720771e8ca81811,1275,654
p00085,A09,2026-03-09T08:00:40+00:00,انشر قبل الحذف تحذير هام محطات الوقود في مدينة النخيل ستتوقف عن رسميا العمل خلال ساعات وعلى الجميع التزود بالوقود فورا قبل فوات الأوان #الحقيقة,https://www.facebook.com/A09/posts/00085,https://www.city-leaks.example/news/2008,4720771f8ca81851,545,500
p00086,A02,2026-03-09T08:00:57+00:00,خطير جدا تحذير هام محطات الوقود في مدينة النخيل ستتوقف عن العمل خلال ساعات وعلى الجميع التزود بالوقود فورا قبل فوات الأوان #مدينة_النخيل,https://www.facebook.com/A02/posts/00086,https://www.city-leaks.example/news/2008,4720775f8ca81811,2417,136
p00087,A03,2026-03-09T08:01:13+00:00,عاجل: تحذير هـام محطات الوقود في مدينه النخيل ستتوقف عن العمل خلال ساعات وعلى الجميع التزود بالوقود فورا قبل فوات الأوان شارك ليعرف الجميع,https://www.facebook.com/A03/posts/00087,https://www.city-leaks.example/news/2008/,4720771f8ca81811,265,653
p00088,A05,2026-03-09T08:01:25+00:00,خطير جدا تحذير هام محطات الوقود في مدينه النخيل ستتوقف عن العمل خلال ساعات وعلى الجميع التزود بالوقود فورا قبل فوات الأوان #انشر,https://www.facebook.com/A05/posts/00088,https://www.city-leaks.example/news/2008/,c620771f8ca81811,1022,169
p00089,A04,2026-03-09T08:01:28+00:00,تحذير هام محطات الوقود في مدينه النخيل ستتوقف عن العمل خلال ساعات وعلى الجميع التزود بالوقود فورا قبل فوات الأوان,https://www.facebook.com/A04/posts/00089,https://www.city-leaks.example/news/2008,4720771f8ca81811,2514,564
p00090,A07,2026-03-09T08:02:13+00:00,🔴 تحذير هام محطات الوقود في مدينة النخيل ستتوقف عن العمل خلال ساعات وعلى الجميع التزود بالوقود فورا قبل فوات الأوان شارك ليعرف الجميع,https://www.facebook.com/A07/posts/00090,https://www.city-leaks.example/news/2008?utm_source=fb,4720779f8ce81811,266,307
p00091,A10,2026-03-09T08:02:56+00:00,تحذير هام محطات الوقود في مدينة النخيل ستتوقف عن العمل خلال ساعات وعلى رسميا الجميع التزود بالوقود فورا قبل فوات الأوان شارك ليعرف الجميع,https://www.facebook.com/A10/posts/00091,https://www.city-leaks.example/news/2008/,4720771f8ca81811,930,107
p00092,A06,2026-03-09T08:03:15+00:00,خطير جدا تحذير هام محطات الوقود في مدينه النخيل ستتوقف عن ـالعمل خلال ساعات وعلى الجميع التزود بالوقود فورا قبل فوات الأوان شارك ليعرف الجميع,https://www.facebook.com/A06/posts/00092,https://www.city-leaks.example/news/2008,4720773d8ca81811,2634,222
p00199,O04,2026-03-09T08:53:00+00:00,وصفة اليوم كعك بالتمر سهل التحضير جربوها وأخبرونا برأيكم,https://www.facebook.com/O04/posts/00199,,,48,2
p00283,O17,2026-03-09T10:52:00+00:00,عرض مسرحي جديد يبدأ الأسبوع القادم احجزوا مقاعدكم,https://www.facebook.com/O17/posts/00283,,,574,715
p00260,O13,2026-03-09T12:36:00+00:00,افتتاح مطعم جديد في وسط المدينة بأطباق تقليدية,https://www.facebook.com/O13/posts/00260,,,1074,116
p00093,A05,2026-03-09T13:00:00+00:00,انشر قبل الحذف انتشار مرض غامض في مدارس مدينة النخيل والإدارة تمنع الأهالي من الحديث الآن عنه ويجب سحب الأطفال فورا #الحقيقة,https://www.facebook.com/A05/posts/00093,,7e36aab0d1bc52d0,1795,742
p00094,A04,2026-03-09T13:04:00+00:00,خطير جدا انتشار مرض غامض في مدارس مدينه النخيل والإدارة تمنع الأهالي من الحديث عنه ويجب سحب الأطفال فورا #الحقيقة,https://www.facebook.com/A04/posts/00094,,6e36aab0d1bc52d9,2320,175
p00095,A09,2026-03-09T13:07:00+00:00,🔴 انتشار مرض غـامض في مدارس الآن مدينة النخيل والإدارة تمنع الأهالي من الحديث عنه ويجب سحب الأطفال فورا,https://www.facebook.com/A09/posts/00095,,6e36aab0d1bc52d9,175,141
p00280,O17,2026-03-09T13:08:00+00:00,درس جديد في أساسيات بايثون متاح الآن على القناة,https://www.facebook.com/O17/posts/00280,,,1593,362
p00096,A02,2026-03-09T13:19:00+00:00,خطير جدا انتشار مرض رسميا غامض في مدارس مدينه النخيل والإدارة تمنع الأهالي من الحديث عنه ويجب سحب الأطفال فورا #انشر,https://www.facebook.com/A02/posts/00096,,6e36aab0d1bc53d9,2918,393
p00097,A06,2026-03-09T13:21:00+00:00,🔴 انتشار رسميا مرض غامض في مدـارس مدينه النخيل والإدارة تمنع الأهالي من الحديث عنه ويجب سحب الأطفال فورا #انشر,https://www.facebook.com/A06/posts/00097,,6e36aab0d1bd52d9,2652,209
p00419,A10,2026-03-09T13:35:00+00:00,صورة من غروب الشمس على شاطئ المدينة مساء أمس,https://www.facebook.com/A10/posts/00419,https://uni-news.example/a/31,,2555,461
p00305,O20,2026-03-09T13:58:00+00:00,افتتاح مطعم جديد في وسط المدينة بأطباق تقليدية,https://www.facebook.com/O20/posts/00305,https://football-club.example/a/26,8b13d9050f670eca,2060,209
p00422,A10,2026-03-09T14:06:00+00:00,توقعات الطقس غدا أجواء معتدلة مع احتمال أمطار خفيفة,https://www.facebook.com/A10/posts/00422,,,1186,645
p00411,A09,2026-03-09T14:38:00+00:00,وصفة اليوم كعك بالتمر سهل التحضير جربوها وأخبرونا برأيكم,https://www.facebook.com/A09/posts/00411,,e3586378d5b65d18,2804,121
p00216,O07,2026-03-09T16:55:00+00:00,للبيع دراجة هوائية بحالة ممتازة التواصل عبر الرسائل,https://www.facebook.com/O07/posts/00216,https://uni-news.example/a/25,,2072,209
p00253,O13,2026-03-09T19:25:00+00:00,للبيع دراجة هوائية بحالة ممتازة التواصل عبر الرسائل,https://www.facebook.com/O13/posts/00253,https://books-club.example/a/33,83be43900e2806fc,2916,431
p00410,A09,2026-03-09T21:16:00+00:00,وصفة اليوم كعك بالتمر سهل التحضير جربوها وأخبرونا برأيكم,https://www.facebook.com/A09/posts/00410,,,2045,505
p00329,O23,2026-03-09T21:52:00+00:00,صورة من غروب الشمس على شاطئ المدينة مساء أمس,https://www.facebook.com/O23/posts/00329,,,360,635
p00157,B01,2026-03-09T22:00:00+00:00,⚠️ شباب المدينه يطالبون بالنزول إلى الساحات بعد تسريب قرار إغلاق الجامعة المحلية نهائيا دون سبب واضح شارك ليعرف الجميع,https://www.facebook.com/B01/posts/00157,https://youth-voice.example/post/308,,171,418
p00158,B04,2026-03-09T22:00:16+00:00,عاجل: شباب المدينه يطالبون بـالنزول إلى الساحات بعد تسريب قرار إغلاق الجامعة المحلية نهائيا دون سبب واضح #مدينة_النخيل,https://www.facebook.com/B04/posts/00158,https://youth-voice.example/post/308?utm_source=fb,,2465,81
p00159,B05,2026-03-09T22:00:24+00:00,عاجل: شباب المدينة يطالبون بـالنزول إلى الساحات بعد تسريب قرار إغلاق الجامعة المحلية نهائيا دون سبب واضح #الحقيقة,https://www.facebook.com/B05/posts/00159,https://youth-voice.example/post/308?fbclid=Iw9117,,1266,207
p00160,B03,2026-03-09T22:00:27+00:00,⚠️ شباب المدينة يطالبون بالنزول إلى الساحات بعد تسريب قرار إغلاق الجامعة المحلية نهائيا دون سبب واضح #انشر,https://www.facebook.com/B03/posts/00160,https://youth-voice.example/post/308/,,1159,654
p00161,A09,2026-03-09T22:01:01+00:00,🔴 شباب المدينه يطالبون بالنزول إلى الساحات بعد تسريب قرار إغلاق الجامعة المحلية نهائيا دون سبب واضح #انشر,https://www.facebook.com/A09/posts/00161,https://youth-voice.example/post/308,,1022,190
p00162,A10,2026-03-09T22:01:40+00:00,⚠️ شباب المدينة يطالبون بالنزول إلى الساحات بعد تسريب قرار إغلاق الجامعة المحلية نهائيا دون سبب واضح #الحقيقة,https://www.facebook.com/A10/posts/00162,https://youth-voice.example/post/308,,1830,528
p00333,O23,2026-03-09T23:28:00+00:00,عرض مسرحي جديد يبدأ الأسبوع القادم احجزوا مقاعدكم,https://www.facebook.com/O23/posts/00333,https://www.youtube.com/watch?v=demo1,ad5d2966a8db9bd0,1324,73
p00227,O09,2026-03-09T23:56:00+00:00,عرض مسرحي جديد يبدأ الأسبوع القادم احجزوا مقاعدكم,https://www.facebook.com/O09/posts/00227,,,2619,183
p00163,B02,2026-03-10T01:00:00+00:00,خطير جدا شباب المدينة يطـالبون بالنزول إلى الساحات بعد تسريب قرار إغلاق الجامعة المحلية نهائيا دون سبب واضح,https://www.facebook.com/B02/posts/00163,,,2177,550
p00164,B03,2026-03-10T01:03:00+00:00,⚠️ شباب المدينه يطـالبون بالنزول إلى جدا الساحات بعد تسريب قرار إغلاق الجامعة المحلية نهائيا دون سبب واضح #الحقيقة,https://www.facebook.com/B03/posts/00164,,,128,19
p00165,B04,2026-03-10T01:05:00+00:00,خطير جدا شباب المدينه يطالبون بالنزول إلى الساحات بعد تسريب قرار إغلاق الجامعة المحلية نهائيا دون سبب واضح #الحقيقة,https://www.facebook.com/B04/posts/00165,,,1905,535
p00166,B01,2026-03-10T01:09:00+00:00,⚠️ شباب المدينه يطالبون رسميا بالنزول إلى الساحات بعد تسريب قرار إغلاق الجامعة المحلية نهائيا دون سبب واضح,https://www.facebook.com/B01/posts/00166,,,1909,505
p00188,O03,2026-03-10T01:59:00+00:00,وصفة اليوم كعك بالتمر سهل التحضير جربوها وأخبرونا برأيكم,https://www.facebook.com/O03/posts/00188,,,2051,389
p00220,O08,2026-03-10T02:09:00+00:00,توقعات الطقس غدا أجواء معتدلة مع احتمال أمطار خفيفة,https://www.facebook.com/O08/posts/00220,https://books-club.example/a/10,,2850,181
p00319,O21,2026-03-10T08:38:00+00:00,وصفة اليوم كعك بالتمر سهل التحضير جربوها وأخبرونا برأيكم,https://www.facebook.com/O21/posts/00319,,,829,642
p00298,O19,2026-03-10T10:12:00+00:00,افتتاح مطعم جديد في وسط المدينة بأطباق تقليدية,https://www.facebook.com/O19/posts/00298,https://www.youtube.com/watch?v=demo1,,1288,57
p00456,B05,2026-03-10T10:34:00+00:00,صورة من غروب الشمس على شاطئ المدينة مساء أمس,https://www.facebook.com/B05/posts/00456,,,1928,708
p00225,O09,2026-03-10T10:44:00+00:00,للبيع دراجة هوائية بحالة ممتازة التواصل عبر الرسائل,https://www.facebook.com/O09/posts/00225,https://recipes.example/a/12,,902,729
p00250,O12,2026-03-10T12:12:00+00:00,صورة من غروب الشمس على شاطئ المدينة مساء أمس,https://www.facebook.com/O12/posts/00250,,,2051,748
p00384,A06,2026-03-10T12:29:00+00:00,وصلتنا كتب جديدة هذا الأسبوع ندعوكم لزيارة المكتبة,https://www.facebook.com/A06/posts/00384,,,2981,547
p00268,O15,2026-03-10T12:49:00+00:00,افتتاح مطعم جديد في وسط المدينة بأطباق تقليدية,https://www.facebook.com/O15/posts/00268,https://www.bbc.com/arabic/demo-story,,1887,307
p00098,A06,2026-03-10T13:00:00+00:00,انشر قبل الحذف خبر صادم المجلس البلدي قرر مضاعفه رسوم الكهرباء ثلاث مرات دون أي إعلان رسمي والسكان آخر من يعلم,https://www.facebook.com/A06/posts/00098,https://www.sahel-truth.example/news/2009/,230d977ee2256159,1425,480
p00099,A05,2026-03-10T13:00:06+00:00,⚠️ خبر صادم المجلس البلدي قرر مضاعفة رسوم الكهرباء ثلاث مرات دون أي إعلان رسمي والسكان آخر من يعلم #مدينة_النخيل,https://www.facebook.com/A05/posts/00099,https://www.sahel-truth.example/news/2009?utm_source=fb,230d977ee2257158,2149,206
p00100,A09,2026-03-10T13:00:27+00:00,عاجل: خبر صادم المجلس البلدي قرر مضاعفة رسوم الكهرباء ثلاث مرات دون أي إعلان رسمي والسكان آخر من يعلم شارك ليعرف الجميع,https://www.facebook.com/A09/posts/00100,https://www.sahel-truth.example/news/2009,230d877ce2257159,2372,162
p00101,A01,2026-03-10T13:00:48+00:00,🔴 خبر صادم الآن المجلس البلدي قرر مضاعفة رسوم الكهرباء ثلاث مرات دون أي إعلان رسمي والسكان آخر من يعلم #الحقيقة,https://www.facebook.com/A01/posts/00101,https://www.sahel-truth.example/news/2009?utm_source=fb,230d977ee2257159,2577,334
p00102,A10,2026-03-10T13:01:13+00:00,انشر قبل الحذف خبر صادم المجلس البلدي قرر مضاعفة رسوم الكهرباء ثلاث مرات دون أي إعلان رسمي والسكان آخر من يعلم,https://www.facebook.com/A10/posts/00102,https://www.sahel-truth.example/news/2009/,230d977ee6257159,1246,269
p00103,A03,2026-03-10T13:01:43+00:00,خطير جدا خبر صادم المجلس البلدي قرر مضاعفه رسوم الكهرباء ثلـاث مرات دون أي إعلان رسمي والسكان آخر من يعلم #الحقيقة,https://www.facebook.com/A03/posts/00103,https://www.sahel-truth.example/news/2009?utm_source=fb,230d877ee2257149,2387,334
p00104,A08,2026-03-10T13:02:19+00:00,انشر قبل الحذف خبر صادم المجلس البلدي قرر مضاعفه رسوم الكهرباء ثلاث مرات دون أي إعلان رسمي والسكان آخر من يعلم #انشر,https://www.facebook.com/A08/posts/00104,https://www.sahel-truth.example/news/2009/,230d977ec2247159,1373,473
p00287,O17,2026-03-10T13:42:00+00:00,درس جديد في أساسيات بايثون متاح الآن على القناة,https://www.facebook.com/O17/posts/00287,https://www.bbc.com/arabic/demo-story,,966,357
p00240,O11,2026-03-10T13:47:00+00:00,مباراة الأمس كانت رائعة شكرا لكل الجماهير التي حضرت,https://www.facebook.com/O11/posts/00240,,,55,369
p00425,B01,2026-03-10T17:24:00+00:00,مباراة الأمس كانت رائعة شكرا لكل الجماهير التي حضرت,https://www.facebook.com/B01/posts/00425,,,684,660
p00185,O03,2026-03-10T17:34:00+00:00,وصفة اليوم كعك بالتمر سهل التحضير جربوها وأخبرونا برأيكم,https://www.facebook.com/O03/posts/00185,,,2257,599
p00299,O19,2026-03-10T18:43:00+00:00,درس جديد في أساسيات بايثون متاح الآن على القناة,https://www.facebook.com/O19/posts/00299,,27fc2a8b04c30ec9,867,146
p00409,A09,2026-03-10T19:12:00+00:00,للبيع دراجة هوائية بحالة ممتازة التواصل عبر الرسائل,https://www.facebook.com/A09/posts/00409,https://www.youtube.com/watch?v=demo4,,2713,726
p00446,B03,2026-03-10T21:55:00+00:00,فريق التطوع ينظم حملة لتنظيف الحديقة يوم الجمعة,https://www.facebook.com/B03/posts/00446,,,1409,109
p00195,O04,2026-03-10T22:02:00+00:00,فريق التطوع ينظم حملة لتنظيف الحديقة يوم الجمعة,https://www.facebook.com/O04/posts/00195,,,2411,351
p00213,O07,2026-03-10T22:37:00+00:00,درس جديد في أساسيات بايثون متاح الآن على القناة,https://www.facebook.com/O07/posts/00213,,,1591,195
p00438,B02,2026-03-10T23:30:00+00:00,توقعات الطقس غدا أجواء معتدلة مع احتمال أمطار خفيفة,https://www.facebook.com/B02/posts/00438,https://weather-local.example/a/6,,2416,418
p00387,A06,2026-03-10T23:33:00+00:00,مباراة الأمس كانت رائعة شكرا لكل الجماهير التي حضرت,https://www.facebook.com/A06/posts/00387,https://www.bbc.com/arabic/demo-story,37b630f39419b2a2,963,249
p00312,O21,2026-03-11T00:26:00+00:00,للبيع دراجة هوائية بحالة ممتازة التواصل عبر الرسائل,https://www.facebook.com/O21/posts/00312,,,2047,221
p00400,A08,2026-03-11T00:58:00+00:00,وصفة اليوم كعك بالتمر سهل التحضير جربوها وأخبرونا برأيكم,https://www.facebook.com/A08/posts/00400,,,2478,16
p00291,O18,2026-03-11T01:53:00+00:00,مباراة الأمس كانت رائعة شكرا لكل الجماهير التي حضرت,https://www.facebook.com/O18/posts/00291,,,1312,179
p00429,B01,2026-03-11T04:13:00+00:00,افتتاح مطعم جديد في وسط المدينة بأطباق تقليدية,https://www.facebook.com/B01/posts/00429,,,2788,135
p00229,O09,2026-03-11T05:31:00+00:00,افتتاح مطعم جديد في وسط المدينة بأطباق تقليدية,https://www.facebook.com/O09/posts/00229,,,8,114
p00317,O21,2026-03-11T07:47:00+00:00,وصلتنا كتب جديدة هذا الأسبوع ندعوكم لزيارة المكتبة,https://www.facebook.com/O21/posts/00317,https://football-club.example/a/20,,43,136
p00455,B04,2026-03-11T08:05:00+00:00,افتتاح مطعم جديد في وسط المدينة بأطباق تقليدية,https://www.facebook.com/B04/posts/00455,,,225,481
p00182,O02,2026-03-11T08:14:00+00:00,وصلتنا كتب جديدة هذا الأسبوع ندعوكم لزيارة المكتبة,https://www.facebook.com/O02/posts/00182,https://www.bbc.com/arabic/demo-story,,2742,360
p00454,B04,2026-03-11T08:19:00+00:00,افتتاح مطعم جديد في وسط المدينة بأطباق تقليدية,https://www.facebook.com/B04/posts/00454,,,2812,723
p00369,A04,2026-03-11T09:36:00+00:00,وصلتنا كتب جديدة هذا الأسبوع ندعوكم لزيارة المكتبة,https://www.facebook.com/A04/posts/00369,,,2854,136
p00331,O23,2026-03-11T09:37:00+00:00,درس جديد في أساسيات بايثون متاح الآن على القناة,https://www.facebook.com/O23/posts/00331,,,2371,0
p00189,O03,2026-03-11T10:30:00+00:00,افتتاح مطعم جديد في وسط المدينة بأطباق تقليدية,https://www.facebook.com/O03/posts/00189,https://www.youtube.com/watch?v=demo2,,955,90
p00105,A10,2026-03-11T11:00:00+00:00,عاجل وثيقة مسربة جدا تكشف أن المستشفى المركزي في مدينة النخيل سيغلق أبوابه نهاية الشهر وسيتم نقل المرضى دون إبلاغ ذويهم #مدينة_النخيل,https://www.facebook.com/A10/posts/00105,https://www.city-leaks.example/news/2010?utm_source=fb,66d2287672f5f202,612,309
p00106,A03,2026-03-11T11:00:22+00:00,انشر قبل الحذف عاجل وثيقه مسربة تكشف أن المستشفى المركزي في مدينة النخيل سيغلق أبوابه الآن نهاية الشهر وسيتم نقل المرضى دون إبلاغ ذويهم شارك ليعرف الجميع,https://www.facebook.com/A03/posts/00106,https://www.city-leaks.example/news/2010?fbclid=Iw8125,66d2285662fdf202,1902,22
p00107,A09,2026-03-11T11:00:34+00:00,خطير جدا عاجل وثيقة مسربة تكشف أن المستشفى المركزي في مدينة النخيل سيغلق أبوابه نهاية الشهر وسيتم نقل المرضى دون إبلاغ ذويهم #الحقيقة,https://www.facebook.com/A09/posts/00107,https://www.city-leaks.example/news/2010/,66f2287652fdf202,2740,739
p00108,A02,2026-03-11T11:01:18+00:00,🔴 عاجل وثيقة مسربة تكشف أن المستشفى المركزي في مدينة النخيل سيغلق أبوابه نهاية الشهر وسيتم نقل المرضى دون إبلاغ ذويهم,https://www.facebook.com/A02/posts/00108,https://www.city-leaks.example/news/2010?utm_source=fb,66d22876f2fdf202,1643,730
p00109,A06,2026-03-11T11:02:01+00:00,انشر قبل الحذف عاجل وثيقه مسربة تكشف أن المستشفى المركزي في مدينة النخيل سيغلق أبوابه نهاية الشهر وسيتم نقل المرضى دون إبلاغ ذويهم #الحقيقة,https://www.facebook.com/A06/posts/00109,https://www.city-leaks.example/news/2010?fbclid=Iw3563,66d22a76727df202,48,398
p00110,A08,2026-03-11T11:02:35+00:00,خطير جدا عاجل وثيقة مسربة تكشف أن المستشفى رسميا المركزي في مدينة النخيل سيغلق أبوابه نهاية الشهر وسيتم نقل المرضى دون إبلاغ ذويهم شارك ليعرف الجميع,https://www.facebook.com/A08/posts/00110,https://www.city-leaks.example/news/2010,76d2287676fdf202,2102,16
p00111,A05,2026-03-11T11:03:18+00:00,🔴 عاجل وثيقه مسربة تكشف أن المستشفى المركزي في مدينة النخيل سيغلق أبوابه نهاية الشهر وسيتم نقل المرضى دون إبلاغ ذويهم #مدينة_النخيل,https://www.facebook.com/A05/posts/00111,https://www.city-leaks.example/news/2010?fbclid=Iw7060,66d2287672fd7202,2991,628
p00233,O10,2026-03-11T15:16:00+00:00,صورة من غروب الشمس على شاطئ المدينة مساء أمس,https://www.facebook.com/O10/posts/00233,,,2101,796
p00171,O01,2026-03-11T15:47:00+00:00,وصفة اليوم كعك بالتمر سهل التحضير جربوها وأخبرونا برأيكم,https://www.facebook.com/O01/posts/00171,,9ef50006a43e3769,1093,694
p00112,A07,2026-03-11T16:00:00+00:00,خطير جدا مصادر خاصة تؤكد انقطاع المياه عن كامل أحياء مدينة النخيل لمدة أسبوعين ابتداء من الغد والبلدية تخفي الحقيقة عن السكان #انشر,https://www.facebook.com/A07/posts/00112,,2a96fb1a14a0f9e7,924,310
p00113,A10,2026-03-11T16:12:00+00:00,انشر قبل الحذف مصادر خاصة تؤكد انقطاع المياه عن كامل أحياء مدينة النخيل لمدة أسبوعين ابتداء من الغد والبلدية تخفي الحقيقة عن السكان شارك ليعرف الجميع,https://www.facebook.com/A10/posts/00113,,2a96fb1a1480f9e7,534,795
p00114,A01,2026-03-11T16:14:00+00:00,خطير جدا مصادر خاصة تؤكد انقطاع المياه عن كامل أحياء مدينة النخيل لمدة أسبوعين ابتداء من الغد والبلدية تخفي الحقيقة عن السكان #مدينة_النخيل,https://www.facebook.com/A01/posts/00114,,2a96db1a14a0f9e7,2733,654
p00407,A08,2026-03-11T16:15:00+00:00,للبيع دراجة هوائية بحالة ممتازة التواصل عبر الرسائل,https://www.facebook.com/A08/posts/00407,,,2774,103
p00364,A03,2026-03-11T16:16:00+00:00,فريق التطوع ينظم حملة لتنظيف الحديقة يوم الجمعة,https://www.facebook.com/A03/posts/00364,,0ec6803f3405cd13,742,444
p00115,A08,2026-03-11T16:21:00+00:00,انشر قبل الحذف مصادر خاصه تؤكد انقطاع المياه عن كامل أحياء مدينة النخيل لمدة أسبوعين ابتداء من الغد والبلدية تخفي رسميا الحقيقة عن السكان #انشر,https://www.facebook.com/A08/posts/00115,,2a96fb1e14a0f9e7,2889,385
p00116,A09,2026-03-11T16:32:00+00:00,🔴 مصادر خاصة تؤكد انقطاع المياه عن كامل أحياء مدينة النخيل لمدة أسبوعين ابتداء من ـالغد والبلدية تخفي الحقيقة عن السكان #انشر,https://www.facebook.com/A09/posts/00116,,2a96fb5a94a0f9e7,1317,491
p00117,A04,2026-03-11T16:40:00+00:00,⚠️ مصادر خاصة تؤكد انقطاع المياه عن كامل أحياء مدينة النخيل لمدة أسبوعين ابتداء من الغد والبلدية تخفي الحقيقة عن السكان #مدينة_النخيل,https://www.facebook.com/A04/posts/00117,,2a94fb1a14a0f967,354,578
p00361,A03,2026-03-11T17:16:00+00:00,عرض مسرحي جديد يبدأ الأسبوع القادم احجزوا مقاعدكم,https://www.facebook.com/A03/posts/00361,,,2992,321
p00402,A08,2026-03-11T17:50:00+00:00,توقعات الطقس غدا أجواء معتدلة مع احتمال أمطار خفيفة,https://www.facebook.com/A08/posts/00402,https://www.youtube.com/watch?v=demo1,,2541,33
p00266,O15,2026-03-11T19:12:00+00:00,توقعات الطقس غدا أجواء معتدلة مع احتمال أمطار خفيفة,https://www.facebook.com/O15/posts/00266,,,789,576
p00360,A03,2026-03-11T21:31:00+00:00,افتتاح مطعم جديد في وسط المدينة بأطباق تقليدية,https://www.facebook.com/A03/posts/00360,,cd2bca0bee32a475,1404,205
p00373,A04,2026-03-11T21:39:00+00:00,توقعات الطقس غدا أجواء معتدلة مع احتمال أمطار خفيفة,https://www.facebook.com/A04/posts/00373,https://www.bbc.com/arabic/demo-story,5a10a893d4183d49,505,673
p00167,B01,2026-03-11T22:00:00+00:00,بيان منسوب لإدارة الجامعة يؤكد إلغاء المنح الدراسية لجميع طلاب مدينة النخيل ابتداء من الفصل القادم شارك ليعرف الجميع,https://www.facebook.com/B01/posts/00167,https://youth-voice.example/post/310?utm_source=fb,,2847,430
p00168,B04,2026-03-11T22:00:41+00:00,عاجل: بيان منسوب لإدارة الجامعة يؤكد إلغاء المنح الدراسية لجميع طلاب مدينة النخيل ابتداء من الفصل القادم #انشر,https://www.facebook.com/B04/posts/00168,https://youth-voice.example/post/310,,2935,446
p00169,B02,2026-03-11T22:01:20+00:00,عاجل: بيان منسوب لإدارة الجامعة رسميا يؤكد إلغاء المنح الدراسية لجميع طلاب مدينة النخيل ابتداء من الفصل القادم شارك ليعرف الجميع,https://www.facebook.com/B02/posts/00169,https://youth-voice.example/post/310/,,2721,647
p00170,B05,2026-03-11T22:01:23+00:00,بيان منسوب لإدارة الجامعة يؤكد إلغاء المنح الدراسية لجميع طلاب مدينة النخيل ابتداء جدا من الفصل القادم #مدينة_النخيل,https://www.facebook.com/B05/posts/00170,https://youth-voice.example/post/310,,576,430
p00214,O07,2026-03-11T23:03:00+00:00,وصفة اليوم كعك بالتمر سهل التحضير جربوها وأخبرونا برأيكم,https://www.facebook.com/O07/posts/00214,https://www.youtube.com/watch?v=demo1,,643,247
p00204,O05,2026-03-11T23:19:00+00:00,وصفة اليوم كعك بالتمر سهل التحضير جربوها وأخبرونا برأيكم,https://www.facebook.com/O05/posts/00204,,,2808,789
p00243,O11,2026-03-11T23:52:00+00:00,فريق التطوع ينظم حملة لتنظيف الحديقة يوم الجمعة,https://www.facebook.com/O11/posts/00243,,54ebef65b79692bb,2313,270
p00457,B05,2026-03-12T01:37:00+00:00,مباراة الأمس كانت رائعة شكرا لكل الجماهير التي حضرت,https://www.facebook.com/B05/posts/00457,,,2458,390
p00332,O23,2026-03-12T02:34:00+00:00,فريق التطوع ينظم حملة لتنظيف الحديقة يوم الجمعة,https://www.facebook.com/O23/posts/00332,,,2431,559
p00267,O15,2026-03-12T03:28:00+00:00,وصلتنا كتب جديدة هذا الأسبوع ندعوكم لزيارة المكتبة,https://www.facebook.com/O15/posts/00267,,,2539,58
p00303,O19,2026-03-12T04:48:00+00:00,للبيع دراجة هوائية بحالة ممتازة التواصل عبر الرسائل,https://www.facebook.com/O19/posts/00303,,,2255,723
p00393,A07,2026-03-12T05:59:00+00:00,مباراة الأمس كانت رائعة شكرا لكل الجماهير التي حضرت,https://www.facebook.com/A07/posts/00393,https://www.bbc.com/arabic/demo-story,0ce211a1a00a32dd,1502,421
p00258,O13,2026-03-12T06:32:00+00:00,وصلتنا كتب جديدة هذا الأسبوع ندعوكم لزيارة المكتبة,https://www.facebook.com/O13/posts/00258,,87c88f4e57e9a372,2600,28
p00413,A09,2026-03-12T07:29:00+00:00,افتتاح مطعم جديد في وسط المدينة بأطباق تقليدية,https://www.facebook.com/A09/posts/00413,https://www.bbc.com/arabic/demo-story,,1611,177
p00237,O10,2026-03-12T07:39:00+00:00,فريق التطوع ينظم حملة لتنظيف الحديقة يوم الجمعة,https://www.facebook.com/O10/posts/00237,https://www.bbc.com/arabic/demo-story,59f959aba412a64c,2864,306
p00277,O16,2026-03-12T08:18:00+00:00,وصفة اليوم كعك بالتمر سهل التحضير جربوها وأخبرونا برأيكم,https://www.facebook.com/O16/posts/00277,,d17bfa8f9ed3e976,2645,695
p00241,O11,2026-03-12T09:45:00+00:00,مباراة الأمس كانت رائعة شكرا لكل الجماهير التي حضرت,https://www.facebook.com/O11/posts/00241,https://recipes.example/a/18,,1840,115
p00118,A01,2026-03-12T10:00:00+00:00,عاجل: تحذير هام محطات الوقود في مدينة النخيل ستتوقف عن العمل خلال ساعات وعلى الجميع الآن التزود بالوقود فورا قبل فوات الأوان شارك ليعرف الجميع,https://www.facebook.com/A01/posts/00118,https://www.city-leaks.example/news/2011?utm_source=fb,4720771f8c881011,2743,561
p00119,A10,2026-03-12T10:00:43+00:00,🔴 تحذير هام رسميا محطات الوقود في مدينة النخيل ستتوقف عن العمل خلال ساعات وعلى الجميع التزود بالوقود فورا قبل فوات الأوان,https://www.facebook.com/A10/posts/00119,https://www.city-leaks.example/news/2011?utm_source=fb,4720771d8ca89811,1721,239
p00120,A04,2026-03-12T10:00:54+00:00,🔴 تحذير هام محطات الوقود في مدينة النخيل ستتوقف عن العمل خلال ساعات وعلى الجميع التزود بالوقود فورا قبل فوات الأوان شارك ليعرف الجميع,https://www.facebook.com/A04/posts/00120,https://www.city-leaks.example/news/2011/,4720771f8ca81811,2045,168
p00121,A09,2026-03-12T10:01:31+00:00,🔴 تحذير هام محطات الوقود في مدينة النخيل ستتوقف عن العمل خلال ساعات وعلى الجميع التزود بالوقود فورا قبل فوات الأوان #انشر,https://www.facebook.com/A09/posts/00121,https://www.city-leaks.example/news/2011?utm_source=fb,4720f71f8ca81811,1749,428
p00122,A06,2026-03-12T10:01:38+00:00,⚠️ تحذير هام محطات الوقود في مدينة النخيل ستتوقف عن العمل خلال ساعات وعلى الجميع التزود بالوقود فورا قبل فوات جدا الأوان,https://www.facebook.com/A06/posts/00122,https://www.city-leaks.example/news/2011?fbclid=Iw3957,2720771f8ca81811,596,34
p00123,A03,2026-03-12T10:01:54+00:00,خطير جدا تحذير هام محطات الوقود في مدينة النخيل ستتوقف عن العمل خلال ساعات وعلى الجميع التزود بالوقود فورا قبل فوات الأوان #مدينة_النخيل,https://www.facebook.com/A03/posts/00123,https://www.city-leaks.example/news/2011?utm_source=fb,47a0771f8ca81811,1405,432
p00124,A05,2026-03-12T10:02:13+00:00,⚠️ تحذير هام محطات الوقود في مدينة النخيل ستتوقف عن العمل خلال ساعات وعلى الجميع التزود بالوقود فورـا قبل فوات الأوان #الحقيقة,https://www.facebook.com/A05/posts/00124,https://www.city-leaks.example/news/2011?fbclid=Iw1863,4720771f88a81811,2686,504
p00125,A08,2026-03-12T10:02:23+00:00,خطير جدا تحذير هام جدا محطات الوقود في مدينة النخيل ستتوقف عن العمل خلـال ساعات وعلى الجميع التزود بالوقود فورا قبل فوات الأوان شارك ليعرف الجميع,https://www.facebook.com/A08/posts/00125,https://www.city-leaks.example/news/2011?utm_source=fb,4728771f8ca81851,1235,111
p00272,O16,2026-03-12T11:03:00+00:00,عرض مسرحي جديد يبدأ الأسبوع القادم احجزوا مقاعدكم,https://www.facebook.com/O16/posts/00272,https://www.youtube.com/watch?v=demo1,,2475,115
p00263,O14,2026-03-12T11:12:00+00:00,مباراة الأمس كانت رائعة شكرا لكل الجماهير التي حضرت,https://www.facebook.com/O14/posts/00263,https://www.bbc.com/arabic/demo-story,,2415,580
p00395,A07,2026-03-12T15:00:00+00:00,افتتاح مطعم جديد في وسط المدينة بأطباق تقليدية,https://www.facebook.com/A07/posts/00395,https://www.bbc.com/arabic/demo-story,d33e973362c568c0,2625,525
p00201,O05,2026-03-12T15:53:00+00:00,افتتاح مطعم جديد في وسط المدينة بأطباق تقليدية,https://www.facebook.com/O05/posts/00201,,e543ba92a5956e2b,2181,526
p00420,A10,2026-03-12T17:45:00+00:00,وصلتنا كتب جديدة هذا الأسبوع ندعوكم لزيارة المكتبة,https://www.facebook.com/A10/posts/00420,,,1294,45
p00385,A06,2026-03-12T18:02:00+00:00,فريق التطوع ينظم حملة لتنظيف الحديقة يوم الجمعة,https://www.facebook.com/A06/posts/00385,https://recipes.example/a/1,,2877,584
p00198,O04,2026-03-12T19:44:00+00:00,توقعات الطقس غدا أجواء معتدلة مع احتمال أمطار خفيفة,https://www.facebook.com/O04/posts/00198,,90a0aad5a14e1d71,2475,109
p00197,O04,2026-03-12T23:56:00+00:00,وصلتنا كتب جديدة هذا الأسبوع ندعوكم لزيارة المكتبة,https://www.facebook.com/O04/posts/00197,https://www.youtube.com/watch?v=demo5,,2100,212
p00408,A09,2026-03-13T00:38:00+00:00,وصلتنا كتب جديدة هذا الأسبوع ندعوكم لزيارة المكتبة,https://www.facebook.com/A09/posts/00408,,,1042,682
p00442,B03,2026-03-13T01:55:00+00:00,عرض مسرحي جديد يبدأ الأسبوع القادم احجزوا مقاعدكم,https://www.facebook.com/B03/posts/00442,https://football-club.example/a/13,,1218,765
p00192,O04,2026-03-13T02:29:00+00:00,توقعات الطقس غدا أجواء معتدلة مع احتمال أمطار خفيفة,https://www.facebook.com/O04/posts/00192,,,1470,41
p00203,O05,2026-03-13T03:07:00+00:00,مباراة الأمس كانت رائعة شكرا لكل الجماهير التي حضرت,https://www.facebook.com/O05/posts/00203,,2ba83bac137d42bc,2145,502
p00173,O01,2026-03-13T04:09:00+00:00,للبيع دراجة هوائية بحالة ممتازة التواصل عبر الرسائل,https://www.facebook.com/O01/posts/00173,https://football-club.example/a/3,,688,123
p00339,O24,2026-03-13T05:24:00+00:00,فريق التطوع ينظم حملة لتنظيف الحديقة يوم الجمعة,https://www.facebook.com/O24/posts/00339,,,1131,405
p00194,O04,2026-03-13T06:51:00+00:00,عرض مسرحي جديد يبدأ الأسبوع القادم احجزوا مقاعدكم,https://www.facebook.com/O04/posts/00194,https://www.youtube.com/watch?v=demo5,,636,192
p00322,O22,2026-03-13T06:56:00+00:00,وصلتنا كتب جديدة هذا الأسبوع ندعوكم لزيارة المكتبة,https://www.facebook.com/O22/posts/00322,,25df1fb78a5a2f34,2598,755
p00336,O23,2026-03-13T08:46:00+00:00,صورة من غروب الشمس على شاطئ المدينة مساء أمس,https://www.facebook.com/O23/posts/00336,https://www.youtube.com/watch?v=demo2,,629,677
p00300,O19,2026-03-13T09:10:00+00:00,مباراة الأمس كانت رائعة شكرا لكل الجماهير التي حضرت,https://www.facebook.com/O19/posts/00300,,,1486,433
p00196,O04,2026-03-13T09:31:00+00:00,مباراة الأمس كانت رائعة شكرا لكل الجماهير التي حضرت,https://www.facebook.com/O04/posts/00196,,5ddd479a516d8b3b,312,318
p00212,O07,2026-03-13T11:29:00+00:00,درس جديد في أساسيات بايثون متاح الآن على القناة,https://www.facebook.com/O07/posts/00212,,,273,126
p00334,O23,2026-03-13T16:35:00+00:00,افتتاح مطعم جديد في وسط المدينة بأطباق تقليدية,https://www.facebook.com/O23/posts/00334,,,1079,484
p00415,A09,2026-03-13T17:15:00+00:00,توقعات الطقس غدا أجواء معتدلة مع احتمال أمطار خفيفة,https://www.facebook.com/A09/posts/00415,https://www.bbc.com/arabic/demo-story,,2911,368
p00323,O22,2026-03-13T17:55:00+00:00,مباراة الأمس كانت رائعة شكرا لكل الجماهير التي حضرت,https://www.facebook.com/O22/posts/00323,,,2037,79
p00177,O01,2026-03-13T18:21:00+00:00,توقعات الطقس غدا أجواء معتدلة مع احتمال أمطار خفيفة,https://www.facebook.com/O01/posts/00177,https://uni-news.example/a/40,5de7818bb5da2468,1892,561
p00265,O14,2026-03-13T20:40:00+00:00,مباراة الأمس كانت رائعة شكرا لكل الجماهير التي حضرت,https://www.facebook.com/O14/posts/00265,,,2960,527
p00249,O12,2026-03-13T20:59:00+00:00,للبيع دراجة هوائية بحالة ممتازة التواصل عبر الرسائل,https://www.facebook.com/O12/posts/00249,,1b73d2960a8f8e5b,2326,643
p00379,A05,2026-03-13T21:13:00+00:00,وصفة اليوم كعك بالتمر سهل التحضير جربوها وأخبرونا برأيكم,https://www.facebook.com/A05/posts/00379,https://www.youtube.com/watch?v=demo4,9448f92e836bdf6f,403,422
p00200,O05,2026-03-13T21:58:00+00:00,وصفة اليوم كعك بالتمر سهل التحضير جربوها وأخبرونا برأيكم,https://www.facebook.com/O05/posts/00200,https://www.bbc.com/arabic/demo-story,,810,179
p00353,A01,2026-03-13T22:28:00+00:00,صورة من غروب الشمس على شاطئ المدينة مساء أمس,https://www.facebook.com/A01/posts/00353,https://uni-news.example/a/30,,2343,15
p00306,O20,2026-03-13T23:14:00+00:00,للبيع دراجة هوائية بحالة ممتازة التواصل عبر الرسائل,https://www.facebook.com/O20/posts/00306,,,1502,755
p00180,O01,2026-03-14T00:00:00+00:00,وصفة اليوم كعك بالتمر سهل التحضير جربوها وأخبرونا برأيكم,https://www.facebook.com/O01/posts/00180,https://www.youtube.com/watch?v=demo2,,654,564
p00412,A09,2026-03-14T00:25:00+00:00,افتتاح مطعم جديد في وسط المدينة بأطباق تقليدية,https://www.facebook.com/A09/posts/00412,https://www.bbc.com/arabic/demo-story,,148,333
p00304,O20,2026-03-14T01:27:00+00:00,للبيع دراجة هوائية بحالة ممتازة التواصل عبر الرسائل,https://www.facebook.com/O20/posts/00304,https://books-club.example/a/34,198be25079cba469,2689,792
p00448,B04,2026-03-14T03:42:00+00:00,وصفة اليوم كعك بالتمر سهل التحضير جربوها وأخبرونا برأيكم,https://www.facebook.com/B04/posts/00448,https://www.youtube.com/watch?v=demo3,,795,727
p00228,O09,2026-03-14T04:19:00+00:00,افتتاح مطعم جديد في وسط المدينة بأطباق تقليدية,https://www.facebook.com/O09/posts/00228,,,2138,260
p00255,O13,2026-03-14T05:56:00+00:00,فريق التطوع ينظم حملة لتنظيف الحديقة يوم الجمعة,https://www.facebook.com/O13/posts/00255,https://www.bbc.com/arabic/demo-story,,2195,640
p00313,O21,2026-03-14T07:02:00+00:00,فريق التطوع ينظم حملة لتنظيف الحديقة يوم الجمعة,https://www.facebook.com/O21/posts/00313,,,1099,769
p00285,O17,2026-03-14T08:15:00+00:00,درس جديد في أساسيات بايثون متاح الآن على القناة,https://www.facebook.com/O17/posts/00285,,,980,144
p00437,B02,2026-03-14T11:24:00+00:00,وصفة اليوم كعك بالتمر سهل التحضير جربوها وأخبرونا برأيكم,https://www.facebook.com/B02/posts/00437,,07436b532c4c3e58,2072,274
p00205,O05,2026-03-14T12:07:00+00:00,وصفة اليوم كعك بالتمر سهل التحضير جربوها وأخبرونا برأيكم,https://www.facebook.com/O05/posts/00205,https://football-club.example/a/23,dbfce1c01975ee17,2389,64
p00274,O16,2026-03-14T13:30:00+00:00,وصفة اليوم كعك بالتمر سهل التحضير جربوها وأخبرونا برأيكم,https://www.facebook.com/O16/posts/00274,,,307,264
p00290,O18,2026-03-14T14:35:00+00:00,افتتاح مطعم جديد في وسط المدينة بأطباق تقليدية,https://www.facebook.com/O18/posts/00290,,5a7e4dbc949a5ee0,1921,365
p00451,B04,2026-03-14T15:40:00+00:00,وصفة اليوم كعك بالتمر سهل التحضير جربوها وأخبرونا برأيكم,https://www.facebook.com/B04/posts/00451,,f92227f0d48f5294,357,474
p00289,O17,2026-03-14T16:28:00+00:00,افتتاح مطعم جديد في وسط المدينة بأطباق تقليدية,https://www.facebook.com/O17/posts/00289,https://www.bbc.com/arabic/demo-story,,1399,75
p00218,O08,2026-03-14T16:53:00+00:00,عرض مسرحي جديد يبدأ الأسبوع القادم احجزوا مقاعدكم,https://www.facebook.com/O08/posts/00218,,829c11729bb33b8c,875,128
p00414,A09,2026-03-14T17:59:00+00:00,للبيع دراجة هوائية بحالة ممتازة التواصل عبر الرسائل,https://www.facebook.com/A09/posts/00414,,,995,298
p00175,O01,2026-03-14T18:21:00+00:00,وصلتنا كتب جديدة هذا الأسبوع ندعوكم لزيارة المكتبة,https://www.facebook.com/O01/posts/00175,,,2100,134
p00193,O04,2026-03-14T20:47:00+00:00,فريق التطوع ينظم حملة لتنظيف الحديقة يوم الجمعة,https://www.facebook.com/O04/posts/00193,,,2775,69
p00388,A06,2026-03-14T21:06:00+00:00,عرض مسرحي جديد يبدأ الأسبوع القادم احجزوا مقاعدكم,https://www.facebook.com/A06/posts/00388,,,259,251
p00278,O16,2026-03-14T23:39:00+00:00,صورة من غروب الشمس على شاطئ المدينة مساء أمس,https://www.facebook.com/O16/posts/00278,https://www.youtube.com/watch?v=demo4,,2507,529
p00302,O19,2026-03-15T00:32:00+00:00,صورة من غروب الشمس على شاطئ المدينة مساء أمس,https://www.facebook.com/O19/posts/00302,,,1061,728
p00181,O02,2026-03-15T02:54:00+00:00,فريق التطوع ينظم حملة لتنظيف الحديقة يوم الجمعة,https://www.facebook.com/O02/posts/00181,,,2122,397
p00406,A08,2026-03-15T03:16:00+00:00,وصفة اليوم كعك بالتمر سهل التحضير جربوها وأخبرونا برأيكم,https://www.facebook.com/A08/posts/00406,https://football-club.example/a/26,,429,251
p00187,O03,2026-03-15T03:41:00+00:00,درس جديد في أساسيات بايثون متاح الآن على القناة,https://www.facebook.com/O03/posts/00187,https://www.bbc.com/arabic/demo-story,86afe7df6403e571,2279,609
p00405,A08,2026-03-15T05:16:00+00:00,توقعات الطقس غدا أجواء معتدلة مع احتمال أمطار خفيفة,https://www.facebook.com/A08/posts/00405,,,1309,518
